status,buy_box_price,lowest_price,num_offers,is_buy_box_winner,gap_to_buybox,headroom,ASIN,SKU,Title,Brand,Category,Your_Price,is_fitment,Is_Top_50,Product_URL,Listing_Type,base_sku,Flipkart_URL
ok,,5998.0,1,,,,B0H93QJ9Z3,4WBOSCDIN44LWF,Bosch F002H500268F8 DIN 44Ah Battery,Bosch,Battery,5998,False,False,https://www.amazon.in/dp/B0H93QJ9Z3?th=1,Only Delivery,4WBOSCDIN44L,
ok,,7635.0,1,,,,B0H93XMYQS,4WBOSCDIN60LWF,Bosch with Exchange and Doorstep Installation Bosch F002H500288F8 DIN 60Ah,Bosch,Battery,7635,True,False,https://www.amazon.in/dp/B0H93XMYQS?th=1,Fitment/Installation,4WBOSCDIN60L,
ok,7380.0,7380.0,1,True,,,B0H93V8PRY,4WBOSCDIN65LWF,Bosch with Exchange and Doorstep Installation Bosch F002H500748F8 DIN 65Ah,Bosch,Battery,7380,True,False,https://www.amazon.in/dp/B0H93V8PRY?th=1,Fitment/Installation,4WBOSCDIN65L,
ok,,4113.0,2,,,,B0CJXS9V8K,4WBOSCF0035LODLON,"Bosch 38B20L Car Battery (35 Ah) - 100% Maintenance-Free with Labyrinth Lid Technology | Compatible with Honda City, Amaze, Maruti WagonR, Swift Petrol",Bosch,Battery,4828,False,False,https://www.amazon.in/dp/B0CJXS9V8K?th=1,Latched On,4WBOSCF0035L,
ok,3828.0,3828.0,1,True,,,B0H93QFJ7Z,4WBOSCF0035LWF,Bosch F002H500158F8 38B20L 35Ah Battery,Bosch,Battery,3828,False,False,https://www.amazon.in/dp/B0H93QFJ7Z?th=1,Only Delivery,4WBOSCF0035L,
ok,4988.0,4988.0,1,True,,,B0H93QB38Z,4WBOSCF0038LWF,Bosch with Exchange and Doorstep Installation Bosch F002H500158F8 38B20L 38Ah,Bosch,Battery,4988,True,False,https://www.amazon.in/dp/B0H93QB38Z?th=1,Fitment/Installation,4WBOSCF0038L,
ok,6699.0,6699.0,2,True,,0.0,B0D49XPB6C,4WTPMSBO,Bosch Tyre Pressure Monitoring System (TPMS) for Cars with tubeless Tyres | Pack of 4 sensors | Real-Time Tracking & Alerts via Mobile App | 5-Year Warranty,Bosch,Battery,6699,False,False,https://www.amazon.in/dp/B0D49XPB6C?th=1,Latched On,4WTPMSBO,
ok,6699.0,6699.0,2,True,,0.0,B0HDNWLM89,4WTPMSBO-2,Bosch Car TPMS (Pack of 4 Sensors) for Tubeless Tyres | Real-Time Mobile App Alerts | 5-Year Warranty [FREE Doorstep Fitment ONLY when bought from Seller: TyresNmore],Bosch,Battery,6699,True,False,https://www.amazon.in/dp/B0HDNWLM89?th=1,Fitment/Installation,4WTPMSBO-2,
ok,2599.0,2599.0,1,True,,,B0HH8Z4MNG,4WTPMSJK-Only-Dil,Smart Tyre Pressure Gauge With Installation Compatible Android Auto & Carplay | Bluetooth | TPMS for Car,Smart,Other,2599,True,False,https://www.amazon.in/dp/B0HH8Z4MNG?th=1,Fitment/Installation,4WTPMSJK-Only-Dil,
ok,5400.0,5249.0,3,True,,0.0,B079WVQL2W,A13,"Ceat Milaze X3 TL 175/65 R15 84T Tubeless Car Tyre, Front (105034)",CEAT,Tyre - 4W,5400,False,False,https://www.amazon.in/dp/B079WVQL2W?th=1,Latched On,A13,
ok,5915.0,5915.0,1,True,,,B0H1MKF2RX,A13WF,With Doorstep Fitment - Ceat 175/65R15 MILAZE X3 Tubeless Tyre with add-on Home Fitment option.,CEAT,Tyre - 4W,5915,True,False,https://www.amazon.in/dp/B0H1MKF2RX?th=1,Fitment/Installation,A13,
ok,3570.0,3675.1,12,True,,-21.0,B077Y97R4X,A32,"Ceat Milaze X3 145/80% R13 75T Tubeless Car Tyre (105044), Black",CEAT,Tyre - 4W,3570,False,False,https://www.amazon.in/dp/B077Y97R4X?th=1,Latched On,A32,
ok,5949.0,6328.95,2,True,,379.95,B082SWPJQ5,A41,Ceat Milaze X3 175/70% R14 Milaze X3 Tl 84H Tubeless Car Tyre,CEAT,Tyre - 4W,5949,False,False,https://www.amazon.in/dp/B082SWPJQ5?th=1,Latched On,A41,
ok,5872.0,5872.0,1,True,,,B0H1MGPD7T,A41WF,With Doorstep Fitment - CEAT Milaze X3 175/70R14 MILAZE X3 TL 84H Tubeless Car Tyre with Addon Home Fitment option,CEAT,Tyre - 4W,5872,True,False,https://www.amazon.in/dp/B0H1MGPD7T?th=1,Fitment/Installation,A41,
ok,3302.0,3302.0,1,True,,,B0H1MK1HVL,A93WF,With Doorstep Fitment - Ceat 100/90 R18 Zoom Cruz f TT with Addon Home Fitment option,CEAT,Tyre - 2W,3302,True,False,https://www.amazon.in/dp/B0H1MK1HVL?th=1,Fitment/Installation,A93,
ok,2088.0,2088.0,7,False,618.0,,B07VRRSGN9,AP1008017AZTLODLON,Apollo Actizip F5 100/80%-17 52P Tubeless Front Tyre,Apollo,Tyre - 4W,2706,False,False,https://www.amazon.in/dp/B07VRRSGN9?th=1,Latched On,AP1008017AZTL,
ok,5422.7,5422.7,2,False,514.3,,B0BZYJNHYB,AP1107017TXTLODLON,"Apollo Tyre 110/70R17 54H Tramplr XR Tubless Bike Tyre, Front.",Apollo,Tyre - 2W,5937,False,False,https://www.amazon.in/dp/B0BZYJNHYB?th=1,Latched On,AP1107017TXTL,
ok,3037.0,3037.0,2,True,,24.0,B07M9KYM6G,AP1357012AZTLODLON,apollo AMAZER 3G 135/70R12 65S Tubeless Nano Front Tyre,Apollo,Tyre - 4W,3037,False,False,https://www.amazon.in/dp/B07M9KYM6G?th=1,Latched On,AP1357012AZTL,
ok,3178.0,3177.0,5,True,,0.0,B0C43LDW2H,AP1457012AGTTODLON,"Apollo tyres Amazer 4G Life 145/70 R12 69T Tube Type Car Tyre, 70",Apollo,Tyre - 4W,3178,False,False,https://www.amazon.in/dp/B0C43LDW2H?th=1,Latched On,AP1457012AGTT,
ok,3389.0,3678.0,11,False,277.0,,B07N8YZ1ZB,AP1458013LETL,Apollo tyres Amazer 4G Life 145/80 R13 75T Tubeless Car Tyre,Apollo,Tyre - 4W,3666,False,False,https://www.amazon.in/dp/B07N8YZ1ZB?th=1,Latched On,AP1458013LETL,
ok,3730.0,3730.0,1,True,,,B01IIQQPLU,AP1556512AMTLODLON,Apollo Amazer 3G 155/65 R12 71S Tubeless Car Tyre,Apollo,Tyre - 4W,3730,False,False,https://www.amazon.in/dp/B01IIQQPLU?th=1,Only Delivery,AP1556512AMTL,
ok,3883.0,3883.0,5,False,229.0,,B07N8XWCD7,AP1556514EATLODLON,Apollo AMAZER 4G LIFE 155/65 R14 75T Tubeless Car Tyre,Apollo,Tyre - 4W,4112,False,False,https://www.amazon.in/dp/B07N8XWCD7?th=1,Latched On,AP1556514EATL,
ok,4554.0,6328.95,2,True,,1774.95,B01IIQRC9E,AP1557013ACTL1ODLON,Apollo Alnac155/70 R13 75H Tubeless Car Tyre,Apollo,Tyre - 4W,4554,False,False,https://www.amazon.in/dp/B01IIQRC9E?th=1,Latched On,AP1557013ACTL1,
ok,3530.0,3849.7,14,False,405.0,,B0792G6PF9,AP1557013MLTLODLON,Apollo Amazer 4G LIFE 155/70 R13 75T Tubeless Car Tyre,Apollo,Tyre - 4W,3935,False,False,https://www.amazon.in/dp/B0792G6PF9?th=1,Latched On,AP1557013MLTL,
ok,3590.0,3902.45,7,False,575.0,,B07N8Y9232,AP1656513LFTLODLON,Apollo AMAZER 4G LIFE 165/65 R13 77T Tubeless Car Tyre,Apollo,Tyre - 4W,4165,False,False,https://www.amazon.in/dp/B07N8Y9232?th=1,Latched On,AP1656513LFTL,
ok,4099.0,4113.45,11,False,153.0,,B01IIQR348,AP1656514AFTLODLON,Apollo Amazer 4G Life 165/65 R14 79T Tubeless Car Tyre,Apollo,Tyre - 4W,4252,False,False,https://www.amazon.in/dp/B01IIQR348?th=1,Latched On,AP1656514AFTL,
ok,3980.0,6328.95,5,False,224.0,,B075P3G7NH,AP1657013ARTLODLON,Apollo Amazer 4G Life 165/70 R13 79T Tubeless Car Tyre,Apollo,Tyre - 4W,4204,False,False,https://www.amazon.in/dp/B075P3G7NH?th=1,Latched On,AP1657013ARTL,
ok,5860.0,6255.0,2,True,,395.0,B0CCY51XQ9,AP1757014ALTLODLON,Apollo Tyre 175/70R14 AMAZER 4G LIFE 84T TL,Apollo,Tyre - 4W,5860,False,False,https://www.amazon.in/dp/B0CCY51XQ9?th=1,Latched On,AP1757014ALTL,
ok,5740.0,5740.0,1,True,,,B0C58KVFFY,AP1856015ARTLODLON,Apollo Tyres Amazer 4G Life 185/60 R15 88T Tubeless tyre,Apollo,Tyre - 4W,5740,False,False,https://www.amazon.in/dp/B0C58KVFFY?th=1,Only Delivery,AP1856015ARTL,https://www.flipkart.com/product/p/itme?pid=VTEHJZJXJRFDPJ4V
ok,6231.0,6231.0,1,True,,,B01IIQQMTU,AP1955515ASTLODLON,Apollo Alnac 4Gs 195/65 R15 91H Tubeless Car Tyre,Apollo,Tyre - 4W,6231,False,False,https://www.amazon.in/dp/B01IIQQMTU?th=1,Only Delivery,AP1955515ASTL,
ok,6700.0,6700.0,17,False,422.0,,B0995QNPFM,AP1955516ALTLODLON,Apollo Alnac 4G 195/55 R16 87V Tubeless Car Tyre,Apollo,Tyre - 4W,7122,False,False,https://www.amazon.in/dp/B0995QNPFM?th=1,Latched On,AP1955516ALTL,
ok,6840.0,7278.45,12,False,282.0,,B0C5DD44XZ,AP1955516GCTLODLON,Apollo Tyres Alnac 4G 195/55% R16 87H Tubeless Car Tyre,Apollo,Tyre - 4W,7122,False,False,https://www.amazon.in/dp/B0C5DD44XZ?th=1,Latched On,AP1955516GCTL,
ok,6530.0,6961.95,14,False,295.0,,B08KY21PKD,AP1956016ACTL,Apollo Alnac 4G 195/60 R16 89H Tubeless Car Tyre,Apollo,Tyre - 4W,6825,False,False,https://www.amazon.in/dp/B08KY21PKD?th=1,Latched On,AP1956016ACTL,
ok,6950.0,6925.0,3,True,,25.0,B00B4IOASA,AP1956016ACTLODLON,Apollo Tyre 195/60R16 ALNAC 4G 89H TL,Apollo,Tyre - 4W,6925,False,False,https://www.amazon.in/dp/B00B4IOASA?th=1,Latched On,AP1956016ACTL,
ok,10230.0,10230.0,1,True,,,B07N8Z54YY,AP2055017COTLODLON,Apollo ALNAC 4G 205/50 R17 93H Tubeless Car Tyre,Apollo,Tyre - 4W,10230,False,False,https://www.amazon.in/dp/B07N8Z54YY?th=1,Only Delivery,AP2055017COTL,
ok,8044.0,7700.0,2,True,,0.0,B0CK8719J2,AP2056016AGTLODLON,apollo Alnac 4G 205/60R16 92H Steel Belted Tubeless Car Radial Tyre,Apollo,Tyre - 4W,8044,False,False,https://www.amazon.in/dp/B0CK8719J2?th=1,Latched On,AP2056016AGTL,
ok,6613.0,6613.0,6,False,212.0,,B08QZL7YXD,AP2056515ACTL,Apollo Alnac 4G 205/65 R15 94H Tubeless Car Tyre,Apollo,Tyre - 4W,6825,False,False,https://www.amazon.in/dp/B08QZL7YXD?th=1,Latched On,AP2056515ACTL,
ok,6576.0,6576.0,4,False,345.0,,B016D6U5F4,AP2056515ZATLODLON,Apollo Amazer 4G Life 205/65 R15 94T Tubeless Car Tyre,Apollo,Tyre - 4W,6921,False,False,https://www.amazon.in/dp/B016D6U5F4?th=1,Latched On,AP2056515ZATL,
ok,6776.0,6776.0,6,True,,15.0,B0CK7194BF,AP2056516ACTL,apollo Alnac 4G 205/65R16 95H Steel Belted Tubeless Car Radial Tyre,Apollo,Tyre - 4W,6776,False,False,https://www.amazon.in/dp/B0CK7194BF?th=1,Latched On,AP2056516ACTL,
ok,6726.0,7111.76,8,False,104.0,,B08YQKB2SB,AP2056516ARTLODLON,Apollo Amazer-4G Life 205/65 R16 95T Tubeless Car Tyre,Apollo,Tyre - 4W,6830,False,False,https://www.amazon.in/dp/B08YQKB2SB?th=1,Latched On,AP2056516ARTL,
ok,6179.0,6539.95,28,False,559.0,,B0C5DHGS2L,AP2156016GATLODLON,Apollo Tyres Alnac 4GS 215/60 R16 95H Tubeless Car Tyre,Apollo,Tyre - 4W,6738,False,False,https://www.amazon.in/dp/B0C5DHGS2L?th=1,Latched On,AP2156016GATL,
ok,8998.0,9642.7,5,False,313.0,,B09FY6XT8X,AP2156516ACTLODLON,Apollo Apterra Cross 215/65 R16 98H Tubeless Car Tyre (With FREE Air Nozzle),Apollo,Tyre - 4W,9311,False,False,https://www.amazon.in/dp/B09FY6XT8X?th=1,Latched On,AP2156516ACTL,
ok,6249.0,6961.95,11,False,297.0,,B07N8XPWBM,AP2157515AHTLODLON,Apollo APTERRA H/T2 215/75 R15 100T Tubeless Car Tyre,Apollo,Tyre - 4W,6546,False,False,https://www.amazon.in/dp/B07N8XPWBM?th=1,Latched On,AP2157515AHTL,
ok,6997.0,6997.0,4,False,448.0,,B01IIQRU3W,AP2157515AHTT1ODLON,Apollo Apterra HT 215/75 R15 100S Tube-Type Car Tyre,Apollo,Tyre - 4W,7445,False,False,https://www.amazon.in/dp/B01IIQRU3W?th=1,Latched On,AP2157515AHTT1,
ok,6336.0,6355.0,11,False,483.0,,B01IIQR33O,AP2157515AHTTODLON,Apollo tyres Apterra HT 215/75 R15 100S Tubeless Car Tyre,Apollo,Tyre - 4W,6819,False,False,https://www.amazon.in/dp/B01IIQR33O?th=1,Latched On,AP2157515AHTT,
ok,9800.0,9800.0,2,False,1211.0,,B01IIQR34I,AP2255516AGTLODLON,Apollo Aspire 4G 225/55 R16 95W Tubeless Car Tyre,Apollo,Tyre - 4W,11011,False,False,https://www.amazon.in/dp/B01IIQR34I?th=1,Latched On,AP2255516AGTL,
ok,10650.0,10650.0,7,False,235.0,,B07N8XJNBR,AP2356517TOTLODLON,Apollo tyres Apterra H/T2 235/65% R17 104H Tubeless Car Tyre,Apollo,Tyre - 4W,10885,False,False,https://www.amazon.in/dp/B07N8XJNBR?th=1,Latched On,AP2356517TOTL,
ok,9652.0,9652.0,3,True,,300.0,B01IIQR924,AP2357016HPTLODLON,Apollo Apterra HP 235/70 R16 105H Tubeless Car Tyre,Apollo,Tyre - 4W,9652,False,False,https://www.amazon.in/dp/B01IIQR924?th=1,Latched On,AP2357016HPTL,
ok,7787.0,7787.0,4,False,84.0,,B01IIQRU00,AP2357515HTTLODLON,Apollo Apterra HT 235/75 R15 105S Tube-Type Car Tyre,Apollo,Tyre - 4W,7871,False,False,https://www.amazon.in/dp/B01IIQRU00?th=1,Latched On,AP2357515HTTL,
ok,10213.0,10213.0,1,True,,,B01IIQR91U,AP2556516ARTLODLON,Apollo Apterra AT 255/65 R16 109S Tubeless Car Tyre,Apollo,Tyre - 4W,10213,False,False,https://www.amazon.in/dp/B01IIQR91U?th=1,Only Delivery,AP2556516ARTL,
ok,11896.0,16878.95,4,False,1108.0,,B07N8YJQ7V,AP2656517AHTLODLON,Apollo APTERRA H/T2 265/65 R17 112H Tubeless Car Tyre,Apollo,Tyre - 4W,13004,False,False,https://www.amazon.in/dp/B07N8YJQ7V?th=1,Latched On,AP2656517AHTL,
ok,3843.0,4479.0,6,False,163.0,,B0BR5TCFZG,B00RGOVJTY,CEAT 155/80 R13 MILAZE X3 79T Tubeless Tyre CE1558013MXTL-1,CEAT,Tyre - 4W,4006,False,False,https://www.amazon.in/dp/B0BR5TCFZG?th=1,Latched On,B00RGOVJTY,
ok,4306.0,4306.0,1,True,,,B0H1MYZDSV,B00RGOVJTYWF,With Doorstep Fitment - CEAT 155/80 R13 MILAZE X3 79T Tubeless Tyre CE1558013MXTL-1,CEAT,Tyre - 4W,4306,True,False,https://www.amazon.in/dp/B0H1MYZDSV?th=1,Fitment/Installation,B00RGOVJTY,
ok,4336.0,4746.45,2,True,,410.45,B0BR5SHH9C,B00RGOVTG2,CEAT 165/65 R14 MILAZE X3 79T Tubeless Tyre CE1656514MZTL,CEAT,Tyre - 4W,4336,False,False,https://www.amazon.in/dp/B0BR5SHH9C?th=1,Latched On,B00RGOVTG2,
ok,4486.0,4486.0,1,True,,,B0H1MMM8SG,B00RGOVTG2WF,With Doorstep Fitment - CEAT 165/65 R14 MILAZE X3 79T Tubeless Tyre CE1656514MZTL,CEAT,Tyre - 4W,4486,True,False,https://www.amazon.in/dp/B0H1MMM8SG?th=1,Fitment/Installation,B00RGOVTG2,
ok,4189.0,4189.0,1,True,,,B0H1N4BG99,B01DKI00GCWF,With Doorstep Fitment - JK 155/80 R13 ULTIMA NEO 79T TUBELESS CAR TYRE,JK Tyre,Tyre - 4W,4189,True,False,https://www.amazon.in/dp/B0H1N4BG99?th=1,Fitment/Installation,B01DKI00GC,
ok,4495.0,4495.0,1,True,,,B0H1MH9QWK,B07YFKK25QWF,With Doorstep Fitment - KELLY 185/70 R14 VFM 1 88T Tubeless Tyre KE1857014VFTL,Kelly,Tyre - 4W,4495,True,False,https://www.amazon.in/dp/B0H1MH9QWK?th=1,Fitment/Installation,B07YFKK25Q,
ok,3496.0,3496.0,1,True,,,B0H1MZ1DHK,B081MCVHGJWF,With Doorstep Fitment - Kelly 165/65 R13 VFM 3 77T Tubeless Car Tyre,Kelly,Tyre - 4W,3496,True,False,https://www.amazon.in/dp/B0H1MZ1DHK?th=1,Fitment/Installation,B081MCVHGJ,
ok,6152.0,6152.0,1,True,,,B0H1MZZ2WM,B082D1VBCGWF,With Doorstep Fitment - JK 195/55 R16 UX ROYALE 87V SMART TYRE WITH SENSOR,JK Tyre,Tyre - 4W,6152,True,False,https://www.amazon.in/dp/B0H1MZZ2WM?th=1,Fitment/Installation,B082D1VBCG,
ok,8051.0,8051.0,1,True,,,B0H1MRLG4P,B08R2166FWWF,With Doorstep Fitment - CEAT 205/60 R16 SECURADRIVE 92H Tubeless Tyre CE2056016SETL,CEAT,Tyre - 4W,8051,True,False,https://www.amazon.in/dp/B0H1MRLG4P?th=1,Fitment/Installation,B08R2166FW,
ok,3727.0,4217.89,9,True,,0.0,B07CVMR1TJ,C12,"Ceat Zoom Rad X1F 110/70R17 54H Tubeless Bike Tyre, Front (Home Delivery) (104976), 110 millimeters",CEAT,Tyre - 2W,3727,False,False,https://www.amazon.in/dp/B07CVMR1TJ?th=1,Latched On,C12,
ok,4237.0,4237.0,1,True,,,B0H1MP62FN,C12WF,With Doorstep Fitment - Ceat 110/70R17 ZOOM RAD X1 Tubeless Tyre with add-on Home Fitment option.,CEAT,Tyre - 2W,4237,True,False,https://www.amazon.in/dp/B0H1MP62FN?th=1,Fitment/Installation,C12,
ok,3484.0,3484.0,1,True,,,B0GQ32571Y,CE076074TTWF,With Doorstep Fitment - CEAT 145/70 R12 MILAZE X3 69T TUBE-TYPE TYRE,CEAT,Tyre - 4W,3484,True,False,https://www.amazon.in/dp/B0GQ32571Y?th=1,Fitment/Installation,CE076074TT,https://www.flipkart.com/product/p/itme?pid=VTEGYG8GGTN4DKAD
ok,2806.0,2806.0,1,True,,,B0H1MBDB3X,CE1009017GXTLWF,With Doorstep Fitment - CEAT 100/90-17 GRIPP X5 55P TUBELESS TYRE | Rear | Car Tyre for Front and Rear,CEAT,Tyre - 2W,2806,True,False,https://www.amazon.in/dp/B0H1MBDB3X?th=1,Fitment/Installation,CE1009017GXTL,https://www.flipkart.com/product/p/itme?pid=TWTHFHUAHVYVGRHH
ok,2246.0,2499.0,3,True,,253.0,B08DT8Z6R1,CE1009017ZMTL,Ceat Zoom Plus 100/90-17 55P Tubeless Bike Tyre,CEAT,Tyre - 2W,2246,False,False,https://www.amazon.in/dp/B08DT8Z6R1?th=1,Latched On,CE1009017ZMTL,
ok,2596.0,2596.0,1,True,,,B0H1MMMSPD,CE1009017ZMTLWF,"With Doorstep Fitment - CEAT 100/90-17 ZOOM PLUS 55P TUBELESS TYRE | REAR 100/90-17 Rear Two Wheeler Tyre (Street, Tube Less)",CEAT,Tyre - 2W,2596,True,False,https://www.amazon.in/dp/B0H1MMMSPD?th=1,Fitment/Installation,CE1009017ZMTL,https://www.flipkart.com/product/p/itme?pid=TWTHFHUAABKKHZ6M
ok,2246.0,2246.0,1,True,,,B0HC78RX16,CE1009017ZXTLOD,CEAT 100/90-17 ZOOM X3 55P TUBELESS TYRE | Rear,CEAT,Tyre - 2W,2246,False,False,https://www.amazon.in/dp/B0HC78RX16?th=1,Only Delivery,CE1009017ZXTL,https://www.flipkart.com/product/p/itme?pid=TWTHNE46XBGAZ3CY
ok,2456.0,2456.0,1,True,,,B0F28Y3T53,CE1009018GXTL,CEAT 100/90-18 GRIPP X5 56P TUBELESS TYRE | Rear | Car Tyre for Front and Rear,CEAT,Tyre - 2W,2456,False,False,https://www.amazon.in/dp/B0F28Y3T53?th=1,Only Delivery,CE1009018GXTL,https://www.flipkart.com/product/p/itme?pid=TWTHNDZ5WZKEEUX5
ok,2806.0,2806.0,1,True,,,B0H1MYYJ1M,CE1009018GXTLWF,With Doorstep Fitment - CEAT 100/90-18 GRIPP X5 56P TUBELESS TYRE | Rear | Car Tyre for Front and Rear,CEAT,Tyre - 2W,2806,True,False,https://www.amazon.in/dp/B0H1MYYJ1M?th=1,Fitment/Installation,CE1009018GXTL,https://www.flipkart.com/product/p/itme?pid=TWTHFHUANMSQ7KQX
ok,2309.0,2309.0,4,True,,0.0,B0F28YN19W,CE1009018ZCTL,CEAT 100/90-18 ZOOM CRUZ F 56H TUBELESS TYRE | Front | Car Tyre for Front and Rear,CEAT,Tyre - 2W,2309,False,False,https://www.amazon.in/dp/B0F28YN19W?th=1,Latched On,CE1009018ZCTL,
ok,2809.0,2809.0,1,True,,,B0H1MP5K96,CE1009018ZCTLWF,With Doorstep Fitment - CEAT 100/90-18 ZOOM CRUZ F 56H TUBELESS TYRE | Front | Car Tyre for Front and Rear,CEAT,Tyre - 2W,2809,True,False,https://www.amazon.in/dp/B0H1MP5K96?th=1,Fitment/Installation,CE1009018ZCTL,https://www.flipkart.com/product/p/itme?pid=TWTHFHUA3HHRHSM2
ok,2802.0,2802.0,3,True,,0.0,B09442VGVR,CE1009018ZCTT,"100/90-18 ZOOM CRUZ F TT 56H, Black",CEAT,Tyre - 2W,2802,False,False,https://www.amazon.in/dp/B09442VGVR?th=1,Latched On,CE1009018ZCTT,
ok,3302.0,3302.0,1,True,,,B0H1MWV45V,CE1009018ZCTTWF,With Doorstep Fitment - Ceat 100/90-18 Zoom Cruz F 56H Tube-Type | Front Tyre with Add on Home Installation CE1009018ZCTT-HF,CEAT,Tyre - 2W,3302,True,False,https://www.amazon.in/dp/B0H1MWV45V?th=1,Fitment/Installation,CE1009018ZCTT,https://www.flipkart.com/product/p/itme?pid=TWTHFHUASHHHKKD8
ok,2999.0,4218.95,3,True,,500.0,B094437WL4,CE1009019ZPTLODLON,"Ceat 100/90-19 Tube Zoom Plus F Tl 57 P, Pack Of 1",CEAT,Tyre - 2W,2499,False,False,https://www.amazon.in/dp/B094437WL4?th=1,Latched On,CE1009019ZPTL,
ok,4237.0,4237.0,1,True,,,B0H1N1827Z,CE1107017DZTLWF,With Doorstep Fitment - Ceat 110/70-17 Zoom Rad X1 F 54H Tubeless | Front Tyre with Add on Home Installation CE1107017DZTL-HF,CEAT,Tyre - 2W,4237,True,False,https://www.amazon.in/dp/B0H1N1827Z?th=1,Fitment/Installation,CE1107017DZTL,https://www.flipkart.com/product/p/itme?pid=TWTHFHUAFYQBGCQY
ok,4237.0,4237.0,1,True,,,B09NRRSMYJ,CE1107017ZATL,Ceat 110/70R17 ZOOM RAD X1 Tubeless Tyre with add-on Home Fitment option.,CEAT,Tyre - 2W,4237,True,False,https://www.amazon.in/dp/B09NRRSMYJ?th=1,Fitment/Installation,CE1107017ZATL,
ok,4237.0,4237.0,1,True,,,B0H1MW8QSL,CE1107017ZRTLWF,With Doorstep Fitment - Ceat 110/70R17 ZOOM RAD X1 Tubeless Tyre Home +Fitment (Without Fitment),CEAT,Tyre - 2W,4237,True,False,https://www.amazon.in/dp/B0H1MW8QSL?th=1,Fitment/Installation,CE1107017ZRTL,
ok,2183.0,2183.0,1,True,,,B0HC7L1Q79,CE1108017ZMTLOD,CEAT 110/80-17 ZOOM XL 57P TUBELESS TYRE | Rear,CEAT,Tyre - 2W,2183,False,False,https://www.amazon.in/dp/B0HC7L1Q79?th=1,Only Delivery,CE1108017ZMTL,https://www.flipkart.com/product/p/itme?pid=TWTHNE4ARACNHCKB
ok,2334.0,2334.0,4,False,26.0,,B0F28Z6WTQ,CE1108017ZXTL,CEAT 110/80-17 ZOOM X3 57P TUBELESS TYRE | Rear | Car Tyre for Front and Rear,CEAT,Tyre - 2W,2360,False,False,https://www.amazon.in/dp/B0F28Z6WTQ?th=1,Latched On,CE1108017ZXTL,
ok,2690.0,2690.0,1,True,,,B0H1MBBYJG,CE1108017ZXTLWF,With Doorstep Fitment - CEAT 110/80-17 ZOOM X3 57P TUBELESS TYRE | Rear | Car Tyre for Front and Rear,CEAT,Tyre - 2W,2690,True,False,https://www.amazon.in/dp/B0H1MBBYJG?th=1,Fitment/Installation,CE1108017ZXTL,https://www.flipkart.com/product/p/itme?pid=TWTHFHUA89USZ4J7
ok,2624.0,2624.0,2,True,,164.0,B0845P4LGH,CE1109018GXTL,CEAT GRIPP XL 110/90-18 GRIPP XL TL 61P Tubeless Bike Tyre,CEAT,Tyre - 2W,2624,False,False,https://www.amazon.in/dp/B0845P4LGH?th=1,Latched On,CE1109018GXTL,
ok,2781.0,2781.0,2,True,,218.0,B0HC7F7P6M,CE1109018SZTTOD,CEAT 110/90-18 ZOOM PLUS 61P TUBE-TYPE TYRE | Rear,CEAT,Tyre - 2W,2781,False,False,https://www.amazon.in/dp/B0HC7F7P6M?th=1,Latched On,CE1109018SZTT,
ok,4703.0,4703.0,1,True,,,B0F28VDDLK,CE1207017GPTL,CEAT 120/70 ZR17 GRIPP XL F RAD STEEL (Steel Radial) 58H TUBELESS TYRE | Front | Car Tyre for Front and Rear,CEAT,Tyre - 2W,4703,False,False,https://www.amazon.in/dp/B0F28VDDLK?th=1,Only Delivery,CE1207017GPTL,
ok,4220.0,4220.0,1,True,,,B0HC7CFFBX,CE1208018CRTLOD,CEAT 120/80-18 CROSS RAD STEEL (Steel Radial) 62H TUBELESS TYRE | Rear,CEAT,Tyre - 2W,4220,False,False,https://www.amazon.in/dp/B0HC7CFFBX?th=1,Only Delivery,CE1208018CRTL,https://www.flipkart.com/product/p/itme?pid=TWTHNEYYS4GT9EEC
ok,3127.0,3127.0,3,True,,463.0,B0F28WL1B4,CE1208018GXTT,CEAT 120/80-18 GRIPP XL 62S TUBE-TYPE TYRE | Front/Rear | Car Tyre for Front and Rear,CEAT,Tyre - 2W,3127,False,False,https://www.amazon.in/dp/B0F28WL1B4?th=1,Latched On,CE1208018GXTT,
ok,3457.0,3457.0,1,True,,,B0H1MJJBD7,CE1208018GXTTWF,With Doorstep Fitment - CEAT 120/80-18 GRIPP XL 62S TUBE-TYPE TYRE | Front/Rear | Car Tyre for Front and Rear,CEAT,Tyre - 2W,3457,True,False,https://www.amazon.in/dp/B0H1MJJBD7?th=1,Fitment/Installation,CE1208018GXTT,https://www.flipkart.com/product/p/itme?pid=TWTHFHV66DWZKZDW
ok,2949.0,2949.0,1,True,,,B09NQGKZQL,CE1209017LGTT,CEAT 120/90-17 GRIPP XL 64S TUBE-TYPE TYRE | Rear | Car Tyre for Front and Rear,CEAT,Tyre - 2W,2949,False,False,https://www.amazon.in/dp/B09NQGKZQL?th=1,Only Delivery,CE1209017LGTT,
ok,3449.0,3449.0,1,True,,,B0H1MW77YQ,CE1209017LGTTWF,With Doorstep Fitment - CEAT 120/90-17 GRIPP XL 64S TUBE-TYPE TYRE | Rear | Car Tyre for Front and Rear,CEAT,Tyre - 2W,3449,True,False,https://www.amazon.in/dp/B0H1MW77YQ?th=1,Fitment/Installation,CE1209017LGTT,
ok,2897.0,4218.95,11,True,,-297.0,B01FTSI69E,CE1307017LOTL,"Ceat Zoom XL 130/70-17 62P Tubeless Bike Tyre, Rear (103061)",CEAT,Tyre - 2W,2897,False,False,https://www.amazon.in/dp/B01FTSI69E?th=1,Latched On,CE1307017LOTL,
ok,3247.0,3247.0,1,True,,,B0H1MMMZTD,CE1307017LOTLWF,With Doorstep Fitment - Ceat 130/70-17 Zoom Xl 62P Tubeless | Rear Tyre with Add on Home Installation CE1307017LOTL-HF,CEAT,Tyre - 2W,3247,True,False,https://www.amazon.in/dp/B0H1MMMZTD?th=1,Fitment/Installation,CE1307017LOTL,https://www.flipkart.com/product/p/itme?pid=TWTHFHUAS8MHDYGR
ok,3554.0,3554.0,1,True,,,B0H1MX1JBC,CE1307017ZRTLWF,With Doorstep Fitment - CEAT 130/70-17 ZOOM RAD 62P TUBELESS TYRE | Rear | Car Tyre for Front and Rear,CEAT,Tyre - 2W,3554,True,False,https://www.amazon.in/dp/B0H1MX1JBC?th=1,Fitment/Installation,CE1307017ZRTL,https://www.flipkart.com/product/p/itme?pid=TWTHFHUAYH2WHENH
ok,3936.0,3936.0,1,True,,,B0CFVT96SV,CE1307018ZCTT,CEAT 130/70-18 ZOOM CRUZ 63H TUBE-TYPE TYRE | Rear Bike Tyre,CEAT,Tyre - 2W,3936,False,False,https://www.amazon.in/dp/B0CFVT96SV?th=1,Only Delivery,CE1307018ZCTT,
ok,4286.0,4286.0,1,True,,,B0H1MSBS1C,CE1307018ZCTTWF,with Doorstep Fitment - CEAT 130/70-18 Zoom Cruz 63H Tube-Type TYRE | Rear Bike Tyre,CEAT,Tyre - 2W,4286,True,False,https://www.amazon.in/dp/B0H1MSBS1C?th=1,Fitment/Installation,CE1307018ZCTT,
ok,3150.0,3150.0,2,True,,50.0,B0F28ZDJR4,CE1357012MITL,CEAT 135/70 R12 MILAZE 65S TUBELESS TYRE | Car Tyre for Front and Rear,CEAT,Tyre - 4W,3150,False,False,https://www.amazon.in/dp/B0F28ZDJR4?th=1,Latched On,CE1357012MITL,
ok,3391.0,3391.0,1,True,,,B0GGYTJCMK,CE1357012MITLWF,CEAT 135/70 R12 MILAZE 65S TUBELESS TYRE | With Doorstep Installation,CEAT,Tyre - 4W,3391,True,False,https://www.amazon.in/dp/B0GGYTJCMK?th=1,Fitment/Installation,CE1357012MITL,https://www.flipkart.com/product/p/itme?pid=VTEGYG8GWXFGATTB
ok,3915.0,3915.0,1,True,,,B0F28VRBTP,CE1406017CRTL,CEAT 140/60 ZR17 CROSS RAD STEEL (Steel Radial) 63H TUBELESS TYRE | Rear | Car Tyre for Front and Rear,CEAT,Tyre - 4W,3915,False,False,https://www.amazon.in/dp/B0F28VRBTP?th=1,Only Delivery,CE1406017CRTL,https://www.flipkart.com/product/p/itme?pid=TWTHNDZWFFBPMXFS
ok,4415.0,4415.0,1,True,,,B0H1MT861K,CE1406017CRTLWF,With Doorstep Fitment - CEAT 140/60 ZR17 CROSS RAD STEEL (Steel Radial) 63H TUBELESS TYRE | Rear | Car Tyre for Front and Rear,CEAT,Tyre - 4W,4415,True,False,https://www.amazon.in/dp/B0H1MT861K?th=1,Fitment/Installation,CE1406017CRTL,https://www.flipkart.com/product/p/itme?pid=TWTHFHUAZ2KQACYR
ok,4069.0,4069.0,1,True,,,B0H1MHMJQQ,CE1406017RZTLWF,With Doorstep Fitment - Ceat 140/60-17 Zoom Rad 63P Tubeless | Rear Tyre with Add on Home Installation CE1406017RZTL-HF,CEAT,Tyre - 2W,4069,True,False,https://www.amazon.in/dp/B0H1MHMJQQ?th=1,Fitment/Installation,CE1406017RZTL,
ok,3789.0,3789.0,1,True,,,B0HC7HFHNW,CE1406017SRTLOD,CEAT 140/60-17 SPORT RAD STEEL (Steel Radial) 63H TUBELESS TYRE | Rear,CEAT,Tyre - 4W,3789,False,False,https://www.amazon.in/dp/B0HC7HFHNW?th=1,Only Delivery,CE1406017SRTL,https://www.flipkart.com/product/p/itme?pid=TWTHNEYCN3UU2D44
ok,3569.0,3569.0,1,True,,,B0HC7KZBJB,CE1406017ZMTLOD,CEAT 140/60-17 ZOOM RAD X3 63P TUBELESS TYRE | Rear,CEAT,Tyre - 2W,3569,False,False,https://www.amazon.in/dp/B0HC7KZBJB?th=1,Only Delivery,CE1406017ZMTL,https://www.flipkart.com/product/p/itme?pid=TWTHNEYCHKZMHGMD
ok,3347.0,3347.0,4,True,,352.0,B0F28XYHSH,CE1407017GRTL,CEAT 140/70-17 GRIPP X5 66H TUBELESS TYRE | Rear | Car Tyre for Front and Rear,CEAT,Tyre - 2W,3347,False,False,https://www.amazon.in/dp/B0F28XYHSH?th=1,Latched On,CE1407017GRTL,
ok,3677.0,3677.0,1,True,,,B0H1MC894G,CE1407017GRTLWF,With Doorstep Fitment - CEAT 140/70-17 GRIPP X5 66H TUBELESS TYRE | Rear | Car Tyre for Front and Rear,CEAT,Tyre - 2W,3677,True,False,https://www.amazon.in/dp/B0H1MC894G?th=1,Fitment/Installation,CE1407017GRTL,https://www.flipkart.com/product/p/itme?pid=TWTHFHUAN7PEXRUT
ok,4335.0,4335.0,3,True,,664.0,B0HC7D6CZK,CE1407017SRTLOD,CEAT 140/70-17 SPORT RAD STEEL (Steel Radial) 66H TUBELESS TYRE | Rear,CEAT,Tyre - 4W,4335,False,False,https://www.amazon.in/dp/B0HC7D6CZK?th=1,Latched On,CE1407017SRTL,
ok,3842.0,3842.0,1,True,,,B0F28XKHB1,CE1408017GRTL,CEAT 140/80 ZR17 GRIPP RAD STEEL (Steel Radial) 69H TUBELESS TYRE | Rear | Car Tyre for Front and Rear,CEAT,Tyre - 2W,3842,False,False,https://www.amazon.in/dp/B0F28XKHB1?th=1,Only Delivery,CE1408017GRTL,https://www.flipkart.com/product/p/itme?pid=TWTHNEYEAE3JSZW8
ok,3184.0,2930.0,6,True,,-185.0,B0785NCG15,CE1457012METT,Ceat Milaze X3 145/70 R12 69T Tube Type Car Tyre,CEAT,Tyre - 4W,3184,False,False,https://www.amazon.in/dp/B0785NCG15?th=1,Latched On,CE1457012METT,
ok,3484.0,3484.0,1,True,,,B0H1MNST5L,CE1457012METTWF,With Doorstep Fitment - Ceat Milaze X3 145/70 R12 69T Tube Type Car Tyre,CEAT,Tyre - 4W,3484,True,False,https://www.amazon.in/dp/B0H1MNST5L?th=1,Fitment/Installation,CE1457012METT,
ok,3470.0,3470.0,1,True,,,B0GN34HTQT,CE1457013METL,CEAT Milaze X3 145/70 R13 71T Tubeless Car Tyre | Long-Lasting Tread | Fuel Efficient | High Grip Performance,CEAT,Tyre - 4W,3470,False,False,https://www.amazon.in/dp/B0GN34HTQT?th=1,Only Delivery,CE1457013METL,https://www.flipkart.com/product/p/itme?pid=VTEHMVW23DGM9ENC
ok,3670.0,3670.0,1,True,,,B0GN2SYHRJ,CE1457013METLWF,CEAT (With Fitment) 145/70 R13 MILAZE X3 71T TUBELESS TYRE,CEAT,Tyre - 4W,3670,True,False,https://www.amazon.in/dp/B0GN2SYHRJ?th=1,Fitment/Installation,CE1457013METL,
ok,4082.0,4082.0,1,True,,,B0H1MKL334,CE1457013METTWF,With Doorstep Fitment - Ceat Milaze X3 145/70 R13 71T Tube-Type Car Tyre (105043),CEAT,Tyre - 4W,4082,True,False,https://www.amazon.in/dp/B0H1MKL334?th=1,Fitment/Installation,CE1457013METT,
ok,3782.0,3782.0,1,True,,,B0F28VXYB4,CE1457013MZTT,CEAT 145/70 R13 MILAZE X3 71T TUBE-TYPE TYRE | Car Tyre for Front and Rear,CEAT,Tyre - 4W,3782,False,False,https://www.amazon.in/dp/B0F28VXYB4?th=1,Only Delivery,CE1457013MZTT,https://www.flipkart.com/product/p/itme?pid=VTEHKARMMJZYDMZM
ok,4082.0,4082.0,1,True,,,B0GGZ1TN9Y,CE1457013MZTTWF,CEAT 145/70 R13 MILAZE X3 71T TUBE-TYPE TYRE | With Doorstep Installation,CEAT,Tyre - 4W,4082,True,False,https://www.amazon.in/dp/B0GGZ1TN9Y?th=1,Fitment/Installation,CE1457013MZTT,https://www.flipkart.com/product/p/itme?pid=VTEGYG8GTU8UNFFQ
ok,2821.0,2821.0,1,True,,,B0B1WPXVW4,CE1458012FSTL,CEAT 145/80 R12 FUELSMARRT 74T TUBELESS TYRE,CEAT,Tyre - 4W,2821,False,False,https://www.amazon.in/dp/B0B1WPXVW4?th=1,Only Delivery,CE1458012FSTL,
ok,3331.0,3331.0,1,True,,,B0B1WPJBLM,CE1458012MATT,CEAT 145/80 R12 MILAZE X3 74T TUBE-TYPE TYRE,CEAT,Tyre - 4W,3331,False,False,https://www.amazon.in/dp/B0B1WPJBLM?th=1,Only Delivery,CE1458012MATT,https://www.flipkart.com/product/p/itme?pid=VTEHKARMH3FZMEYZ
ok,3631.0,3631.0,1,True,,,B0GN2JFV67,CE1458012MATTWF,CEAT (With Fitment) 145/80 R12 MILAZE X3 74T TUBE-TYPE TYRE,CEAT,Tyre - 4W,3631,True,False,https://www.amazon.in/dp/B0GN2JFV67?th=1,Fitment/Installation,CE1458012MATT,https://www.flipkart.com/product/p/itme?pid=VTEGYG8GGTFD6QTY
ok,3160.0,3150.0,7,True,,-10.0,B0CFVVK1QM,CE1458012METL,CEAT 145/80 R12 MILAZE X3 74T TUBELESS TYRE,CEAT,Tyre - 4W,3160,False,False,https://www.amazon.in/dp/B0CFVVK1QM?th=1,Latched On,CE1458012METL,
ok,3481.0,3481.0,1,True,,,B0GQ32X5B1,CE1458012METLWF,With Doorstep Fitment - CEAT 145/80 R12 MILAZE X3 74T TUBELESS TYRE,CEAT,Tyre - 4W,3481,True,False,https://www.amazon.in/dp/B0GQ32X5B1?th=1,Fitment/Installation,CE1458012METL,https://www.flipkart.com/product/p/itme?pid=VTEGYG8GGVZYB36G
ok,3631.0,3631.0,1,True,,,B0B1WNLDNY,CE1458012METT,Ceat Milaze X3 145/80 R12 74T Tube-Type Car Tyre with Addon Home Fitment option,CEAT,Tyre - 4W,3631,True,False,https://www.amazon.in/dp/B0B1WNLDNY?th=1,Fitment/Installation,CE1458012METT,
ok,2890.0,3163.95,13,False,99.0,,B077Y6VVY6,CE1458012MLTL,,CEAT,Other,2989,False,False,https://www.amazon.in/dp/B077Y6VVY6?th=1,Latched On,CE1458012MLTL,
ok,3481.0,3481.0,1,True,,,B0H1MSCRV9,CE1458012MLTLWF,With Doorstep Fitment - Ceat 145/80R12 MILAZE X3 Tubeless Tyre with Home +Fitment (Without Fitment),CEAT,Tyre - 4W,3481,True,False,https://www.amazon.in/dp/B0H1MSCRV9?th=1,Fitment/Installation,CE1458012MLTL,
ok,3200.0,3200.0,5,False,170.0,,B0F28XYL4D,CE1458012MXTL,CEAT 145/80 R12 MILAZE X5 74T TUBELESS TYRE | Car Tyre for Front and Rear,CEAT,Tyre - 4W,3370,False,False,https://www.amazon.in/dp/B0F28XYL4D?th=1,Latched On,CE1458012MXTL,
ok,3670.0,3670.0,1,True,,,B0GGYVT64R,CE1458012MXTLWF,CEAT 145/80 R12 MILAZE X5 74T TUBELESS TYRE | With Doorstep Installation,CEAT,Tyre - 4W,3670,True,False,https://www.amazon.in/dp/B0GGYVT64R?th=1,Fitment/Installation,CE1458012MXTL,https://www.flipkart.com/product/p/itme?pid=VTEHEYZQTGYPRRHE
ok,3419.0,3419.0,2,True,,80.0,B0F28X72M7,CE1458012MXTT,CEAT 145/80 R12 MILAZE X5 74T TUBE-TYPE TYRE | Car Tyre for Front and Rear,CEAT,Tyre - 4W,3419,False,False,https://www.amazon.in/dp/B0F28X72M7?th=1,Latched On,CE1458012MXTT,
ok,3719.0,3719.0,1,True,,,B0GGYKZ87Z,CE1458012MXTTWF,CEAT 145/80 R12 MILAZE X5 74T TUBE-TYPE TYRE | With Doorstep Installation,CEAT,Tyre - 4W,3719,True,False,https://www.amazon.in/dp/B0GGYKZ87Z?th=1,Fitment/Installation,CE1458012MXTT,https://www.flipkart.com/product/p/itme?pid=VTEHEYZQPE96AC2V
ok,3631.0,3631.0,1,True,,,B0BR5SWQBT,CE1458012MZTT,CEAT 145/80 R12 MILAZE X3 74T Tube Type Tyre with Addon Home Fitment CE1458012MATT-2,CEAT,Tyre - 4W,3631,True,False,https://www.amazon.in/dp/B0BR5SWQBT?th=1,Fitment/Installation,CE1458012MZTT,
ok,3481.0,3481.0,1,True,,,B0BR5TRJX2,CE1458012X3TL,CEAT 145/80 R12 MILAZE X3 74T Tubeless Tyre with Addon Home Fitment CE1458012METL-1,CEAT,Tyre - 4W,3481,True,False,https://www.amazon.in/dp/B0BR5TRJX2?th=1,Fitment/Installation,CE1458012X3TL,
ok,3954.0,3954.0,1,True,,,B0GQ38HTDS,CE1458013MLTLWF,With Doorstep Fitment - CEAT 145/80 R13 MILAZE X3 75T TUBELESS TYRE,CEAT,Tyre - 4W,3954,True,False,https://www.amazon.in/dp/B0GQ38HTDS?th=1,Fitment/Installation,CE1458013MLTL,https://www.flipkart.com/product/p/itme?pid=VTEGYG8GQFW6SMUK
ok,4082.0,4082.0,1,True,,,B0GQ2Z2968,CE1458013MXTLWF,With Doorstep Fitment - CEAT 145/80 R13 MILAZE X5Â 75T TUBELESS TYRE,CEAT,Tyre - 4W,4082,True,False,https://www.amazon.in/dp/B0GQ2Z2968?th=1,Fitment/Installation,CE1458013MXTL,
ok,3954.0,3954.0,1,True,,,B0B1WPTCX9,CE1458013ZXTL,Ceat Milaze X3 145/80 R13 75T Tubeless Car Tyre (105044) with Addon Home Fitment option,CEAT,Tyre - 4W,3954,True,False,https://www.amazon.in/dp/B0B1WPTCX9?th=1,Fitment/Installation,CE1458013ZXTL,
ok,4536.5,4536.5,3,False,134.5,,B09NQGLF4P,CE1506017RZTL,CEAT 150/60-17 ZOOM RAD X1 66H TUBELESS TYRE | Rear | Car Tyre for Front and Rear,CEAT,Tyre - 2W,4671,False,False,https://www.amazon.in/dp/B09NQGLF4P?th=1,Latched On,CE1506017RZTL,
ok,4550.0,4999.0,6,False,141.0,,B07CVN9HV5,CE1506017RZTLODLON,"Ceat Zoom Rad X1 150/60 R17 66H Tubeless Bike Tyre, Rear (104974)",CEAT,Tyre - 2W,4691,False,False,https://www.amazon.in/dp/B07CVN9HV5?th=1,Latched On,CE1506017RZTL,
ok,5171.0,5171.0,1,True,,,B0H1MKM7F8,CE1506017RZTLWF,With Doorstep Fitment - CEAT 150/60-17 ZOOM RAD X1 66H TUBELESS TYRE | Rear | Car Tyre for Front and Rear,CEAT,Tyre - 2W,5171,True,False,https://www.amazon.in/dp/B0H1MKM7F8?th=1,Fitment/Installation,CE1506017RZTL,https://www.flipkart.com/product/p/itme?pid=TWTHFHUATYYHR4YJ
ok,6295.0,6770.99,3,True,,475.99,B0F28XLVC3,CE1506017SPTL,CEAT 150/60 ZR17 SPORT RAD STEEL (Steel Radial) 66W TUBELESS TYRE | Rear | Car Tyre for Front and Rear,CEAT,Tyre - 4W,6295,False,False,https://www.amazon.in/dp/B0F28XLVC3?th=1,Latched On,CE1506017SPTL,
ok,7082.0,7082.0,1,True,,,B0H1MKW14K,CE1506017SPTLWF,With Doorstep Fitment - CEAT 150/60 ZR17 SPORT RAD STEEL (Steel Radial) 66W TUBELESS TYRE | Rear | Car Tyre for Front and Rear,CEAT,Tyre - 4W,7082,True,False,https://www.amazon.in/dp/B0H1MKW14K?th=1,Fitment/Installation,CE1506017SPTL,https://www.flipkart.com/product/p/itme?pid=TWTHFHUACDCYK8ND
ok,6582.0,6582.0,1,True,,,B0CZRKYST9,CE1506017SRTL,CEAT Sport Rad 150/60 R17 66W Tubeless Tyre,CEAT,Tyre - 4W,6582,False,False,https://www.amazon.in/dp/B0CZRKYST9?th=1,Only Delivery,CE1506017SRTL,
ok,5171.0,5171.0,2,True,,28.0,B09NRTVTHT,CE1506017ZATL,Ceat 150/60R17 ZOOM RAD X1 Tubeless Tyre with add-on Home Fitment option.,CEAT,Tyre - 2W,5171,True,False,https://www.amazon.in/dp/B09NRTVTHT?th=1,Fitment/Installation,CE1506017ZATL,
ok,4808.0,4808.0,1,True,,,B0HC74C5CX,CE1508016ZCTLOD,CEAT 150/80-16 ZOOM CRUZ (Bias) 71H TUBELESS TYRE | Rear,CEAT,Tyre - 2W,4808,False,False,https://www.amazon.in/dp/B0HC74C5CX?th=1,Only Delivery,CE1508016ZCTL,https://www.flipkart.com/product/p/itme?pid=TWTHNE4AMPYGBU73
ok,4031.0,4031.0,2,True,,0.0,B0F4RCFXKT,CE15513MHLTTL,CEAT 155 R13 MILAZE HD LT TL 8PR Tyre | Car Tyre for Front and Rear,CEAT,Tyre - 4W,4031,False,False,https://www.amazon.in/dp/B0F4RCFXKT?th=1,Latched On,CE15513MHLTTL,
ok,4181.0,4181.0,1,True,,,B0H1MKZCPQ,CE15513MHLTTLWF,With Doorstep Fitment - CEAT 155 R13 MILAZE HD LT TL 8PR Tyre | Car Tyre for Front and Rear,CEAT,Tyre - 4W,4181,True,False,https://www.amazon.in/dp/B0H1MKZCPQ?th=1,Fitment/Installation,CE15513MHLTTL,https://www.flipkart.com/product/p/itme?pid=VTEHKG7FS9MNSZXG
ok,4252.0,4252.0,1,True,,,B0F4RDGDZL,CE15513MZLTTL,CEAT 155 R13 MILAZE LT TL 8PR Tyre | Car Tyre for Front and Rear,CEAT,Tyre - 4W,4252,False,False,https://www.amazon.in/dp/B0F4RDGDZL?th=1,Only Delivery,CE15513MZLTTL,https://www.flipkart.com/product/p/itme?pid=VTEHMVWFJ5M7UMEY
ok,4402.0,4402.0,1,True,,,B0H1MH97M5,CE15513MZLTTLWF,With Doorstep Fitment - CEAT 155 R13 MILAZE LT TL 8PR Tyre | Car Tyre for Front and Rear,CEAT,Tyre - 4W,4402,True,False,https://www.amazon.in/dp/B0H1MH97M5?th=1,Fitment/Installation,CE15513MZLTTL,https://www.flipkart.com/product/p/itme?pid=VTEHEYZQKUR7MGZE
ok,3782.0,3782.0,1,True,,,B0F28XQ3CQ,CE1556512MATL,CEAT 155/65 R12 MILAZE 71S TUBELESS TYRE | Car Tyre for Front and Rear,CEAT,Tyre - 4W,3782,False,False,https://www.amazon.in/dp/B0F28XQ3CQ?th=1,Only Delivery,CE1556512MATL,https://www.flipkart.com/product/p/itme?pid=VTEHKARHSVXA7GQ6
ok,4082.0,4082.0,1,True,,,B0GGYTK7VC,CE1556512MATLWF,CEAT 155/65 R12 MILAZE 71S TUBELESS TYRE | With Doorstep Installation,CEAT,Tyre - 4W,4082,True,False,https://www.amazon.in/dp/B0GGYTK7VC?th=1,Fitment/Installation,CE1556512MATL,https://www.flipkart.com/product/p/itme?pid=VTEGYG8GJEKWDC6B
ok,3931.0,3931.0,1,True,,,B09NRV1BQJ,CE1556513METL,Ceat 155/65R13 MILAZE X3 Tubeless Tyre with add-on Home Fitment option.,CEAT,Tyre - 4W,3931,True,False,https://www.amazon.in/dp/B09NRV1BQJ?th=1,Fitment/Installation,CE1556513METL,
ok,3931.0,3931.0,1,True,,,B0BR5VZ58G,CE1556513MITL,CEAT 155/65 R13 MILAZE X3 73T Tubeless Tyre with Addon Home Fitment CE1556513MZTL,CEAT,Tyre - 4W,3931,True,False,https://www.amazon.in/dp/B0BR5VZ58G?th=1,Fitment/Installation,CE1556513MITL,
ok,3545.0,4007.95,46,False,110.0,,B077Y965X4,CE1556513MLTL,Ceat Milaze X3 155/65 R13 73T Tubeless Car Tyre,CEAT,Tyre - 4W,3655,False,False,https://www.amazon.in/dp/B077Y965X4?th=1,Latched On,CE1556513MLTL,
ok,3931.0,3931.0,1,True,,,B0H1N5RF96,CE1556513MLTLWF,With Doorstep Fitment - Ceat 155/65R13 MILAZE X3 Tubeless Tyre Home +Fitment (Without Fitment),CEAT,Tyre - 4W,3931,True,False,https://www.amazon.in/dp/B0H1N5RF96?th=1,Fitment/Installation,CE1556513MLTL,
ok,3850.0,3850.0,2,True,,50.0,B0F28X4K8P,CE1556513MXTL,CEAT 155/65 R13 MILAZE X5 73T TUBELESS TYRE | Car Tyre for Front and Rear,CEAT,Tyre - 4W,3850,False,False,https://www.amazon.in/dp/B0F28X4K8P?th=1,Latched On,CE1556513MXTL,
ok,4082.0,4082.0,1,True,,,B0GGYKVNL8,CE1556513MXTLWF,CEAT 155/65 R13 MILAZE X5 73T TUBELESS TYRE | With Doorstep Installation,CEAT,Tyre - 4W,4082,True,False,https://www.amazon.in/dp/B0GGYKVNL8?th=1,Fitment/Installation,CE1556513MXTL,https://www.flipkart.com/product/p/itme?pid=VTEHEYZQHSKNKHY5
ok,3931.0,3931.0,1,True,,,B0GGYTJGMT,CE1556513MZTLWF,Ceat Milaze X3 155/65 R13 73T Tubeless Car Tyre With Doorstep Installation,CEAT,Tyre - 4W,3931,True,False,https://www.amazon.in/dp/B0GGYTJGMT?th=1,Fitment/Installation,CE1556513MZTL,https://www.flipkart.com/product/p/itme?pid=VTEGYG8GHV8BGDUG
ok,3989.0,3989.0,1,True,,,B0BR5RDSY9,CE1556514MATL,CEAT 155/65 R14 MILAZE X3 75T Tubeless Tyre CE1556514TMTL-2,CEAT,Tyre - 4W,3989,False,False,https://www.amazon.in/dp/B0BR5RDSY9?th=1,Only Delivery,CE1556514MATL,
ok,4139.0,4139.0,1,True,,,B0BR5RXGPG,CE1556514METL,CEAT 155/65 R14 MILAZE X3 75T Tubeless Tyre with Addon Home Fitment CE1556514TMTL-2,CEAT,Tyre - 4W,4139,True,False,https://www.amazon.in/dp/B0BR5RXGPG?th=1,Fitment/Installation,CE1556514METL,
ok,4139.0,4139.0,1,True,,,B0B1WPDK76,CE1556514MLTL,Ceat 105756 Milaze X3 155/65 R14 75T Tubeless Car Tyre with Addon Home Fitment option,CEAT,Tyre - 4W,4139,True,False,https://www.amazon.in/dp/B0B1WPDK76?th=1,Fitment/Installation,CE1556514MLTL,
ok,4239.0,4239.0,1,True,,,B0GGYQT214,CE1556514MXTLODLON,CEAT 155/65 R14 MILAZE X5 75T TUBELESS TYRE | With Doorstep Installation,CEAT,Tyre - 4W,4239,True,False,https://www.amazon.in/dp/B0GGYQT214?th=1,Fitment/Installation,CE1556514MXTL,
ok,3989.0,3989.0,2,True,,10.0,B0F28XJV84,CE1556514TMTL,CEAT 155/65 R14 MILAZE X3 75T TUBELESS TYRE | Car Tyre for Front and Rear,CEAT,Tyre - 4W,3989,False,False,https://www.amazon.in/dp/B0F28XJV84?th=1,Latched On,CE1556514TMTL,
ok,3758.0,4229.0,5,True,,10.0,B07M63JBX5,CE1556514TMTLODLON,Ceat 105756 Milaze X3 155/65 R14 75T Tubeless Car Tyre,CEAT,Tyre - 4W,3758,False,False,https://www.amazon.in/dp/B07M63JBX5?th=1,Latched On,CE1556514TMTL,
ok,4139.0,4139.0,1,True,,,B0GGYZY8W6,CE1556514TMTLWF,CEAT 155/65 R14 MILAZE X3 75T TUBELESS TYRE | With Doorstep Installation,CEAT,Tyre - 4W,4139,True,False,https://www.amazon.in/dp/B0GGYZY8W6?th=1,Fitment/Installation,CE1556514TMTL,https://www.flipkart.com/product/p/itme?pid=VTEGYG8GKXJ3N3GM
ok,4139.0,4139.0,1,True,,,B0BR5TPMKH,CE1556514X3TL,CEAT 155/65 R14 MILAZE X3 75T Tubeless Tyre with Addon Home Fitment CE1556514TMTL-1,CEAT,Tyre - 4W,4139,True,False,https://www.amazon.in/dp/B0BR5TPMKH?th=1,Fitment/Installation,CE1556514X3TL,
ok,3831.0,3831.0,1,True,,,B0BR5SK2J1,CE1557013METL,CEAT 155/70 R13 MILAZE X3 75T Tubeless Tyre CE1557013MZTL,CEAT,Tyre - 4W,3831,False,False,https://www.amazon.in/dp/B0BR5SK2J1?th=1,Only Delivery,CE1557013METL,
ok,4131.0,4131.0,1,True,,,B0BR5VT26B,CE1557013MITL,CEAT 155/70 R13 MILAZE X3 75T Tubeless Tyre with Addon Home Fitment CE1557013MZTL,CEAT,Tyre - 4W,4131,True,False,https://www.amazon.in/dp/B0BR5VT26B?th=1,Fitment/Installation,CE1557013MITL,
ok,3779.0,4377.0,10,True,,0.0,B0785MRP6N,CE1557013MLTL,Ceat 105047 Milaze X3 155/70 R13 75T Tubeless Car Tyre,CEAT,Tyre - 4W,3779,False,False,https://www.amazon.in/dp/B0785MRP6N?th=1,Latched On,CE1557013MLTL,
ok,4150.0,4150.0,2,True,,50.0,B0GQ35PQ8T,CE1557013MXTL,CEAT 155/70 R13 MILAZE X5Â 75T TUBELESS TYRE,CEAT,Tyre - 4W,4150,False,False,https://www.amazon.in/dp/B0GQ35PQ8T?th=1,Latched On,CE1557013MXTL,
ok,4278.0,4278.0,1,True,,,B0GQ38W1TV,CE1557013MXTLWF,With Doorstep Fitment - CEAT 155/70 R13 MILAZE X5Â 75T TUBELESS TYRE,CEAT,Tyre - 4W,4278,True,False,https://www.amazon.in/dp/B0GQ38W1TV?th=1,Fitment/Installation,CE1557013MXTL,
ok,3880.0,3880.0,1,True,,,B0GQ365L9Y,CE1557013MXTT,CEAT 155/70 R13 MILAZE X5Â 75T TUBE-TYPE TYRE,CEAT,Tyre - 4W,3880,False,False,https://www.amazon.in/dp/B0GQ365L9Y?th=1,Only Delivery,CE1557013MXTT,https://www.flipkart.com/product/p/itme?pid=VTEHKARH62AV4FDN
ok,4180.0,4180.0,1,True,,,B0GQ3KTCXB,CE1557013MXTTWF,With Doorstep Fitment - CEAT 155/70 R13 MILAZE X5Â 75T TUBE-TYPE TYRE,CEAT,Tyre - 4W,4180,True,False,https://www.amazon.in/dp/B0GQ3KTCXB?th=1,Fitment/Installation,CE1557013MXTT,https://www.flipkart.com/product/p/itme?pid=VTEHEYZQBMPKKZ9S
ok,3831.0,3831.0,1,True,,,B0CFVT63G7,CE1557013MZTL,CEAT 155/70 R13 MILAZE X3 75T TUBELESS TYRE,CEAT,Tyre - 4W,3831,False,False,https://www.amazon.in/dp/B0CFVT63G7?th=1,Only Delivery,CE1557013MZTL,https://www.flipkart.com/product/p/itme?pid=VTEHMVVZRGTFUFZF
ok,4131.0,4131.0,1,True,,,B0GQ2YVCJJ,CE1557013MZTLWF,With Doorstep Fitment - CEAT 155/70 R13 MILAZE X3 75T TUBELESS TYRE,CEAT,Tyre - 4W,4131,True,False,https://www.amazon.in/dp/B0GQ2YVCJJ?th=1,Fitment/Installation,CE1557013MZTL,https://www.flipkart.com/product/p/itme?pid=VTEGYG8G5JFBZHV7
ok,4306.0,4306.0,1,True,,,B0BR5TBK5N,CE1558013MATL,CEAT 155/80 R13 MILAZE X3 79T Tubeless Tyre with Addon Home Fitment CE1558013MXTL-1,CEAT,Tyre - 4W,4306,True,False,https://www.amazon.in/dp/B0BR5TBK5N?th=1,Fitment/Installation,CE1558013MATL,
ok,4306.0,4306.0,1,True,,,B0BR5VMGD6,CE1558013METL,CEAT 155/80 R13 MILAZE X3 79T Tubeless Tyre with Addon Home Fitment CE1558013MXTL-2,CEAT,Tyre - 4W,4306,True,False,https://www.amazon.in/dp/B0BR5VMGD6?th=1,Fitment/Installation,CE1558013METL,
ok,4460.0,4460.0,2,True,,39.0,B0GGYKTRS7,CE1558013MITLWF,CEAT 155/80 R13 MILAZE X5 79T TUBELESS TYRE | With Doorstep Installation,CEAT,Tyre - 4W,4460,True,False,https://www.amazon.in/dp/B0GGYKTRS7?th=1,Fitment/Installation,CE1558013MITL,https://www.flipkart.com/product/p/itme?pid=VTEHEYZQKETBCTYW
ok,3789.0,4007.95,9,True,,211.0,B07MKMJYSB,CE1558013MLTL,Ceat 105755 Milaze X3 155/80 R13 79T Tubeless Car Tyre,CEAT,Tyre - 4W,3789,False,True,https://www.amazon.in/dp/B07MKMJYSB?th=1,Latched On,CE1558013MLTL,
ok,4306.0,4306.0,1,True,,,B0H1MZ6VPK,CE1558013MLTLWF,With Doorstep Fitment - Ceat 155/80R13 MILAZE X3 Tubeless Tyre Home +Fitment (Without Fitment),CEAT,Tyre - 4W,4306,True,False,https://www.amazon.in/dp/B0H1MZ6VPK?th=1,Fitment/Installation,CE1558013MLTL,
ok,3999.0,3999.0,5,True,,-49.0,B09NQHHRNK,CE1558013MXTL,CEAT 155/80 R13 MILAZE X3 79T TUBELESS TYRE,CEAT,Tyre - 4W,3999,False,True,https://www.amazon.in/dp/B09NQHHRNK?th=1,Latched On,CE1558013MXTL,
ok,4306.0,4306.0,1,True,,,B0GN2R616H,CE1558013MXTLWF,CEAT (With Fitment) 155/80 R13 MILAZE X3 79T TUBELESS TYRE,CEAT,Tyre - 4W,4306,True,False,https://www.amazon.in/dp/B0GN2R616H?th=1,Fitment/Installation,CE1558013MXTL,https://www.flipkart.com/product/p/itme?pid=VTEGYG8GQZEHRPV8
ok,6477.0,6477.0,1,True,,,B0HFS34YRY,CE1606017GRTL,CEAT 160/60 R17 GRIPP XL RAD STEEL (Steel Radial) 69H TUBELESS TYRE | Rear Bike Tyre,CEAT,Tyre - 2W,6477,False,False,https://www.amazon.in/dp/B0HFS34YRY?th=1,Only Delivery,CE1606017GRTL,https://www.flipkart.com/product/p/itme?pid=TWTHNE3H4TVZ8TBH
ok,4591.0,4591.0,1,True,,,B0GGYL51VN,CE1656513MXTLWF,Ceat 165/65 R13 Milaze X3 77T Tubeless Car Tyre with Add on Home Installation CE1656513MXTL-HF With Doorstep Installation,CEAT,Tyre - 4W,4591,True,False,https://www.amazon.in/dp/B0GGYL51VN?th=1,Fitment/Installation,CE1656513MXTL,https://www.flipkart.com/product/p/itme?pid=VTEGYG8GHB5EZD5Q
ok,4486.0,4486.0,1,True,,,B0BR5WF9BW,CE1656514MATL,CEAT 165/65 R14 MILAZE X3 79T Tubeless Tyre with Addon Home Fitment CE1656514MZTL,CEAT,Tyre - 4W,4486,True,False,https://www.amazon.in/dp/B0BR5WF9BW?th=1,Fitment/Installation,CE1656514MATL,
ok,4487.0,4487.0,2,True,,512.0,B0F28YP6MY,CE1656514MXTL,CEAT 165/65 R14 MILAZE X5 79T TUBELESS TYRE | Car Tyre for Front and Rear,CEAT,Tyre - 4W,4487,False,False,https://www.amazon.in/dp/B0F28YP6MY?th=1,Latched On,CE1656514MXTL,
ok,4537.0,4537.0,3,True,,12.0,B0GGYXHQ9Q,CE1656514MXTLWF,CEAT 165/65 R14 MILAZE X5 79T TUBELESS TYRE | With Doorstep Installation,CEAT,Tyre - 4W,4537,True,False,https://www.amazon.in/dp/B0GGYXHQ9Q?th=1,Fitment/Installation,CE1656514MXTL,https://www.flipkart.com/product/p/itme?pid=VTEHEYZQYZDFHERG
ok,4336.0,4336.0,2,True,,0.0,B0GN31PSLW,CE1656514MZTL,CEAT Milaze X3 165/65 R14 79T Tubeless Car Tyre | Long-Lasting Tread | Fuel Efficient | High Grip Performance,CEAT,Tyre - 4W,4336,False,False,https://www.amazon.in/dp/B0GN31PSLW?th=1,Latched On,CE1656514MZTL,
ok,4369.0,4716.91,2,True,,347.91,B079WV62FG,CE1656514MZTLODLON,"Ceat 105000 Milaze X3 TL 165/65 R14 79T Tubeless Car Tyre, Front",CEAT,Tyre - 4W,4369,False,False,https://www.amazon.in/dp/B079WV62FG?th=1,Latched On,CE1656514MZTL,
ok,4486.0,4486.0,1,True,,,B0GN2RLNLW,CE1656514MZTLWF,CEAT (With Fitment) 165/65 R14 MILAZE X3 79T TUBELESS TYRE,CEAT,Tyre - 4W,4486,True,False,https://www.amazon.in/dp/B0GN2RLNLW?th=1,Fitment/Installation,CE1656514MZTL,https://www.flipkart.com/product/p/itme?pid=VTEGYG8G5GZZZZAY
ok,3739.0,3977.35,8,True,,61.0,B08R1V98ZP,CE1657014METL,CEAT Milaze X3-165/70% R14 81T Tubeless Car Tyre,CEAT,Tyre - 4W,3739,False,True,https://www.amazon.in/dp/B08R1V98ZP?th=1,Latched On,CE1657014METL,
ok,3790.0,4113.45,9,True,,0.0,B0F28Y9LXZ,CE1657014METLODLON,CEAT 165/70 R14 MILAZE X5 81T TUBELESS TYRE | Car Tyre for Front and Rear,CEAT,Tyre - 4W,3790,False,True,https://www.amazon.in/dp/B0F28Y9LXZ?th=1,Latched On,CE1657014METL,
ok,4032.0,4032.0,1,True,,,B0GGYX1GGB,CE1657014METLWF,Ceat 165/70 R14 Milaze X3 81T Tubeless Car Tyre with Add on Home Installation CE1657014METL-HF With Doorstep Installation,CEAT,Tyre - 4W,4032,True,False,https://www.amazon.in/dp/B0GGYX1GGB?th=1,Fitment/Installation,CE1657014METL,https://www.flipkart.com/product/p/itme?pid=VTEGYG8G3XUFUKF3
ok,4032.0,4032.0,1,True,,,B09NRT43BN,CE1657014MLTL,Ceat 165/70R14 MILAZE X3 Tubeless Tyre with add-on Home Fitment option.,CEAT,Tyre - 4W,4032,True,False,https://www.amazon.in/dp/B09NRT43BN?th=1,Fitment/Installation,CE1657014MLTL,
ok,4141.0,4141.0,1,True,,,B0GGYPH9RZ,CE1657014MXTLWF,CEAT 165/70 R14 MILAZE X5 81T TUBELESS TYRE | With Doorstep Installation,CEAT,Tyre - 4W,4141,True,False,https://www.amazon.in/dp/B0GGYPH9RZ?th=1,Fitment/Installation,CE1657014MXTL,https://www.flipkart.com/product/p/itme?pid=VTEHEFF5PV3NXB4J
ok,4032.0,4032.0,1,True,,,B0C43Q2V42,CE1657014MZTL,CEAT Milaze X3-165/70 R14 81T Tubeless Car Tyre with Add on Home Fitment,CEAT,Tyre - 4W,4032,True,False,https://www.amazon.in/dp/B0C43Q2V42?th=1,Fitment/Installation,CE1657014MZTL,
ok,4032.0,4032.0,1,True,,,B0CDS84TKN,CE1657014X3TL,"CEAT 165/70 R14 MILAZE X3 81T Tubeless Tyre With Add on Home Fitment, installation - CE1657014METL-HF",CEAT,Tyre - 4W,4032,True,False,https://www.amazon.in/dp/B0CDS84TKN?th=1,Fitment/Installation,CE1657014X3TL,
ok,4242.0,4242.0,1,True,,,B0BR5TQRSJ,CE1658014AZTL,CEAT 165/80 R14 MILAZE X3 85S Tubeless Tyre with Addon Home Fitment CE1658014MLTL-2,CEAT,Tyre - 4W,4242,True,False,https://www.amazon.in/dp/B0BR5TQRSJ?th=1,Fitment/Installation,CE1658014AZTL,
ok,4242.0,4242.0,1,True,,,B0C43MPTJW,CE1658014EXTL,Ceat Milaze X3 165/80 R14 85S Tubeless Car Tyre with Add on Home Fitment,CEAT,Tyre - 4W,4242,True,False,https://www.amazon.in/dp/B0C43MPTJW?th=1,Fitment/Installation,CE1658014EXTL,
ok,4242.0,4242.0,1,True,,,B0BR5TDVJ1,CE1658014M3TL,CEAT 165/80 R14 MILAZE X3 85S Tubeless Tyre with Addon Home Fitment CE1658014MLTL-1,CEAT,Tyre - 4W,4242,True,False,https://www.amazon.in/dp/B0BR5TDVJ1?th=1,Fitment/Installation,CE1658014M3TL,
ok,3942.0,3942.0,1,True,,,B0BR5WBQ89,CE1658014MATL,CEAT 165/80 R14 MILAZE X3 85S Tubeless Tyre CE1658014MLTL-3,CEAT,Tyre - 4W,3942,False,False,https://www.amazon.in/dp/B0BR5WBQ89?th=1,Only Delivery,CE1658014MATL,
ok,4242.0,4242.0,1,True,,,B0BR5W4QR3,CE1658014MITL,CEAT 165/80 R14 MILAZE X3 85S Tubeless Tyre with Addon Home Fitment CE1658014MLTL-3,CEAT,Tyre - 4W,4242,True,False,https://www.amazon.in/dp/B0BR5W4QR3?th=1,Fitment/Installation,CE1658014MITL,
ok,3809.0,3800.0,6,False,133.0,,B09NQG3NJX,CE1658014MLTL,CEAT 165/80 R14 MILAZE X3 85S TUBELESS TYRE,CEAT,Tyre - 4W,3942,False,True,https://www.amazon.in/dp/B09NQG3NJX?th=1,Latched On,CE1658014MLTL,
ok,3729.0,6328.95,9,False,213.0,,B0F28YL51N,CE1658014MLTLODLON1,CEAT 165/80 R14 MILAZE X5 85S TUBELESS TYRE | Car Tyre for Front and Rear,CEAT,Tyre - 4W,3942,False,True,https://www.amazon.in/dp/B0F28YL51N?th=1,Latched On,CE1658014MLTLODLON1,
ok,4242.0,3900.0,2,True,,0.0,B0GN2Y1WX4,CE1658014MLTLWF,CEAT (With Fitment) 165/80 R14 MILAZE X3 85S TUBELESS TYRE,CEAT,Tyre - 4W,4242,True,False,https://www.amazon.in/dp/B0GN2Y1WX4?th=1,Fitment/Installation,CE1658014MLTL,https://www.flipkart.com/product/p/itme?pid=VTEGYG8GQ8C8HHZT
ok,4386.0,4386.0,1,True,,,B0GGYY5SKR,CE1658014MXTLWF,CEAT 165/80 R14 MILAZE X5 85S TUBELESS TYRE | With Doorstep Installation,CEAT,Tyre - 4W,4386,True,False,https://www.amazon.in/dp/B0GGYY5SKR?th=1,Fitment/Installation,CE1658014MXTL,https://www.flipkart.com/product/p/itme?pid=VTEHEYZQCT64Z3HC
ok,3799.0,3799.0,3,False,32.0,,B0F28WGR6L,CE1658014SDTL,CEAT 165/80 R14 SECURADRIVE 85S TUBELESS TYRE | Car Tyre for Front and Rear,CEAT,Tyre - 4W,3831,False,False,https://www.amazon.in/dp/B0F28WGR6L?th=1,Latched On,CE1658014SDTL,
ok,4131.0,4131.0,1,True,,,B0GGYR61BR,CE1658014SDTLWF,CEAT 165/80 R14 SECURADRIVE 85S TUBELESS TYRE | With Doorstep Installation,CEAT,Tyre - 4W,4131,True,False,https://www.amazon.in/dp/B0GGYR61BR?th=1,Fitment/Installation,CE1658014SDTL,https://www.flipkart.com/product/p/itme?pid=VTEHEYZQCNRMHG64
ok,4242.0,4242.0,1,True,,,B09NRTLVTN,CE1658014ZXTL,Ceat 165/80R14 MILAZE X3 Tubeless Tyre with add-on Home Fitment option.,CEAT,Tyre - 4W,4242,True,False,https://www.amazon.in/dp/B09NRTLVTN?th=1,Fitment/Installation,CE1658014ZXTL,
ok,4775.0,4775.0,1,True,,,B0BZVV1L52,CE1756015SCTL,Ceat 175/60 R15 SecuraDrive TL 81H,CEAT,Tyre - 4W,4775,False,False,https://www.amazon.in/dp/B0BZVV1L52?th=1,Only Delivery,CE1756015SCTL,
ok,4773.11,4773.11,15,False,1.89,,B0CFVTWM6K,CE1756015SDTL,Ceat Tyre 175/60R15 Secura Drive 81H Tubeless,CEAT,Tyre - 4W,4775,False,False,https://www.amazon.in/dp/B0CFVTWM6K?th=1,Latched On,CE1756015SDTL,
ok,5175.0,5175.0,3,True,,0.0,B0GGYKRS9V,CE1756015SDTLWF,CEAT 175/60 R15 SecuraDrive 81H TUBELESS TYRE | With Doorstep Installation,CEAT,Tyre - 4W,5175,True,False,https://www.amazon.in/dp/B0GGYKRS9V?th=1,Fitment/Installation,CE1756015SDTL,https://www.flipkart.com/product/p/itme?pid=VTEGYG8G7G7XZQY8
ok,5349.0,5349.0,2,True,,0.0,B09NQH4YMG,CE1756514MCTL,CEAT 175/65 R14 MILAZE X3 82T TUBELESS TYRE,CEAT,Tyre - 4W,5349,False,True,https://www.amazon.in/dp/B09NQH4YMG?th=1,Latched On,CE1756514MCTL,
ok,4800.0,4945.0,12,False,135.0,,B079WV62FH,CE1756514MCTLODLON,"Ceat Milaze X3 TL 175/65 R14 82T Tubeless Car Tyre, Front",CEAT,Tyre - 4W,4935,False,True,https://www.amazon.in/dp/B079WV62FH?th=1,Latched On,CE1756514MCTL,
ok,5376.0,5376.0,1,True,,,B0GN2FZRFG,CE1756514MCTLWF,CEAT (With Fitment) 175/65 R14 MILAZE X3 82T TUBELESS TYRE,CEAT,Tyre - 4W,5376,True,False,https://www.amazon.in/dp/B0GN2FZRFG?th=1,Fitment/Installation,CE1756514MCTL,https://www.flipkart.com/product/p/itme?pid=VTEGYG8GKCZYPDZ3
ok,5376.0,5376.0,1,True,,,B0BR5VFDLR,CE1756514METL,CEAT 175/65 R14 MILAZE X3 82T Tubeless Tyre with Addon Home Fitment CE1756514MCTL-2,CEAT,Tyre - 4W,5376,True,False,https://www.amazon.in/dp/B0BR5VFDLR?th=1,Fitment/Installation,CE1756514METL,
ok,5376.0,5376.0,1,True,,,B0BR5VQSRC,CE1756514MITL,CEAT 175/65 R14 MILAZE X3 82T Tubeless Tyre with Addon Home Fitment CE1756514MCTL-1,CEAT,Tyre - 4W,5376,True,False,https://www.amazon.in/dp/B0BR5VQSRC?th=1,Fitment/Installation,CE1756514MITL,
ok,5376.0,5376.0,1,True,,,B0H1MK7PJM,CE1756514MLTLWF,With Doorstep Fitment - Ceat 175/65R14 MILAZE X3 Tubeless Tyre Home +Fitment (Without Fitment),CEAT,Tyre - 4W,5376,True,False,https://www.amazon.in/dp/B0H1MK7PJM?th=1,Fitment/Installation,CE1756514MLTL,
ok,5299.0,5299.0,2,True,,50.0,B0F28W1D2R,CE1756514MXTL,CEAT 175/65 R14 MILAZE X5 82T TUBELESS TYRE | Car Tyre for Front and Rear,CEAT,Tyre - 4W,5299,False,False,https://www.amazon.in/dp/B0F28W1D2R?th=1,Latched On,CE1756514MXTL,
ok,5504.0,5504.0,1,True,,,B0GGZ7MLT4,CE1756514MXTLWF,CEAT 175/65 R14 MILAZE X5 82T TUBELESS TYRE | With Doorstep Installation,CEAT,Tyre - 4W,5504,True,False,https://www.amazon.in/dp/B0GGZ7MLT4?th=1,Fitment/Installation,CE1756514MXTL,https://www.flipkart.com/product/p/itme?pid=VTEHEFF5EMGMDF92
ok,5673.0,5673.0,1,True,,,B0F28SZG8K,CE1756515MXTL,CEAT 175/65 R15 MILAZE X5 84T TUBELESS TYRE | Car Tyre for Front and Rear,CEAT,Tyre - 4W,5673,False,False,https://www.amazon.in/dp/B0F28SZG8K?th=1,Only Delivery,CE1756515MXTL,https://www.flipkart.com/product/p/itme?pid=VTEHKARHK9PDZJUF
ok,5973.0,5973.0,2,True,,17.0,B0GGYHSK7S,CE1756515MXTLWF,CEAT 175/65 R15 MILAZE X5 84T TUBELESS TYRE | With Doorstep Installation,CEAT,Tyre - 4W,5973,True,False,https://www.amazon.in/dp/B0GGYHSK7S?th=1,Fitment/Installation,CE1756515MXTL,https://www.flipkart.com/product/p/itme?pid=VTEHEYZQEV8YASAD
ok,5565.0,5565.0,2,True,,35.0,B0F28WT84R,CE1756515SITL,CEAT 175/65 R15 SECURADRIVE 84H TUBELESS TYRE | Car Tyre for Front and Rear,CEAT,Tyre - 4W,5565,False,False,https://www.amazon.in/dp/B0F28WT84R?th=1,Latched On,CE1756515SITL,
ok,5965.0,5965.0,1,True,,,B0GGYRYSXR,CE1756515SITLWF,CEAT 175/65 R15 SECURADRIVE 84H TUBELESS TYRE | With Doorstep Installation,CEAT,Tyre - 4W,5965,True,False,https://www.amazon.in/dp/B0GGYRYSXR?th=1,Fitment/Installation,CE1756515SITL,https://www.flipkart.com/product/p/itme?pid=VTEGYG8GNDSGW5DR
ok,5615.0,5615.0,1,True,,,B0HC7D6HMN,CE1756515ZCTLOD,CEAT 175/65 R15 MILAZE X3 84T TUBELESS TYRE,CEAT,Tyre - 4W,5615,False,False,https://www.amazon.in/dp/B0HC7D6HMN?th=1,Only Delivery,CE1756515ZCTL,https://www.flipkart.com/product/p/itme?pid=VTEHKARMCVXZBR5G
ok,5915.0,5915.0,1,True,,,B0GQ326W1W,CE1756515ZCTLWF,With Doorstep Fitment - CEAT 175/65 R15 MILAZE X3 84T TUBELESS TYRE,CEAT,Tyre - 4W,5915,True,False,https://www.amazon.in/dp/B0GQ326W1W?th=1,Fitment/Installation,CE1756515ZCTL,https://www.flipkart.com/product/p/itme?pid=VTEGYG8GHK3P2DFR
ok,5748.0,5675.0,2,True,,0.0,B0GGYT4YQ7,CE1757013MZTLODLON,CEAT 175/70 R13 MILAZE X3 82T TUBELESS TYRE | With Doorstep Installation,CEAT,Tyre - 4W,5748,True,False,https://www.amazon.in/dp/B0GGYT4YQ7?th=1,Fitment/Installation,CE1757013MZTL,
ok,5722.0,5722.0,1,True,,,B0HC7NZHBK,CE1757014ETTLOD,CEAT 175/70 R14 MILAZE X3 84T TUBELESS TYRE,CEAT,Tyre - 4W,5722,False,False,https://www.amazon.in/dp/B0HC7NZHBK?th=1,Only Delivery,CE1757014ETTL,https://www.flipkart.com/product/p/itme?pid=VTEHKARHZYNW69HB
ok,5872.0,5872.0,1,True,,,B0GQ391467,CE1757014ETTLWF,With Doorstep Fitment - CEAT 175/70 R14 MILAZE X3 84T TUBELESS TYRE,CEAT,Tyre - 4W,5872,True,False,https://www.amazon.in/dp/B0GQ391467?th=1,Fitment/Installation,CE1757014ETTL,https://www.flipkart.com/product/p/itme?pid=VTEGYG8GRVEYR3KH
ok,5580.0,5580.0,3,False,31.0,,B0F28WWP6P,CE1856015SRTL,CEAT 185/60 R15 SECURADRIVE 84H TUBELESS TYRE | Car Tyre for Front and Rear,CEAT,Tyre - 4W,5611,False,False,https://www.amazon.in/dp/B0F28WWP6P?th=1,Latched On,CE1856015SRTL,
ok,5711.0,6117.95,2,True,,406.95,B07MY23FNM,CE1856015SRTLODLON,Ceat 105831 Secura Drive 185/60 R15 Tubeless Car Tyre,CEAT,Tyre - 4W,5711,False,False,https://www.amazon.in/dp/B07MY23FNM?th=1,Latched On,CE1856015SRTL,
ok,6111.0,6111.0,1,True,,,B0GGYTGCJL,CE1856015SRTLWF,CEAT 185/60 R15 SECURADRIVE 84H TUBELESS TYRE | With Doorstep Installation,CEAT,Tyre - 4W,6111,True,False,https://www.amazon.in/dp/B0GGYTGCJL?th=1,Fitment/Installation,CE1856015SRTL,https://www.flipkart.com/product/p/itme?pid=VTEGYG8GQHBAPZ3V
ok,5156.0,5156.0,2,True,,384.0,B09NQH3ZV6,CE1856514METL,CEAT 185/65 R14 MILAZE X3 86T TUBELESS TYRE | Car Tyre for Front and Rear,CEAT,Tyre - 4W,5156,False,False,https://www.amazon.in/dp/B09NQH3ZV6?th=1,Latched On,CE1856514METL,
ok,5156.0,5485.0,4,True,,329.0,B079X1C9NP,CE1856514METLODLON,"Ceat Milaze X3 TL 185/65 R14 86T Tubeless Car Tyre, Front (105032 )",CEAT,Tyre - 4W,5156,False,False,https://www.amazon.in/dp/B079X1C9NP?th=1,Latched On,CE1856514METL,
ok,5336.0,5336.0,1,True,,,B0GGYTNFHG,CE1856514METLWF,CEAT 185/65 R14 MILAZE X3 86T TUBELESS TYRE | With Doorstep Installation,CEAT,Tyre - 4W,5336,True,False,https://www.amazon.in/dp/B0GGYTNFHG?th=1,Fitment/Installation,CE1856514METL,https://www.flipkart.com/product/p/itme?pid=VTEGYG8GUQGSUXXD
ok,5458.0,5458.0,7,False,168.0,,B0F28XRR2V,CE1856515ESTL,CEAT 185/65 R15 SECURADRIVE 88H TUBELESS TYRE | Car Tyre for Front and Rear,CEAT,Tyre - 4W,5626,False,True,https://www.amazon.in/dp/B0F28XRR2V?th=1,Latched On,CE1856515ESTL,
ok,6126.0,6126.0,2,True,,0.0,B0GGYVKS69,CE1856515ESTLWF,CEAT 185/65 R15 SECURADRIVE 88H TUBELESS TYRE | With Doorstep Installation,CEAT,Tyre - 4W,6126,True,False,https://www.amazon.in/dp/B0GGYVKS69?th=1,Fitment/Installation,CE1856515ESTL,https://www.flipkart.com/product/p/itme?pid=VTEGYG8GR99ZJESR
ok,5477.0,5477.0,4,True,,0.0,B0GQ2YZ95M,CE1856515MXTL,CEAT 185/65 R15 MILAZE X5Â 88T TUBELESS TYRE,CEAT,Tyre - 4W,5477,False,False,https://www.amazon.in/dp/B0GQ2YZ95M?th=1,Latched On,CE1856515MXTL,
ok,5977.0,5977.0,1,True,,,B0GQ327VPB,CE1856515MXTLWF,With Doorstep Fitment - CEAT 185/65 R15 MILAZE X5Â 88T TUBELESS TYRE,CEAT,Tyre - 4W,5977,True,False,https://www.amazon.in/dp/B0GQ327VPB?th=1,Fitment/Installation,CE1856515MXTL,https://www.flipkart.com/product/p/itme?pid=VTEHEYZQCNBTV4VN
ok,6126.0,6126.0,1,True,,,B0BXPMZCZ7,CE1856515SCTL,Ceat Secura Drive 185/65 R15 88H Tubeless Car Tyre with Add on Home Fitment,CEAT,Tyre - 4W,6126,True,False,https://www.amazon.in/dp/B0BXPMZCZ7?th=1,Fitment/Installation,CE1856515SCTL,
ok,6126.0,6126.0,1,True,,,B09NQFL7FV,CE1856515STTL,Ceat 185/65 R15 SecuraDrive 88H Tubeless Car Tyre with Add on Home Installation CE1856515ESTL-HF,CEAT,Tyre - 4W,6126,True,False,https://www.amazon.in/dp/B09NQFL7FV?th=1,Fitment/Installation,CE1856515STTL,
ok,5282.0,5282.0,1,True,,,B0BR5RM6M3,CE1857014MATL,CEAT 185/70 R14 MILAZE X3 88T Tubeless Tyre with Addon Home Fitment CE1857014XMTL,CEAT,Tyre - 4W,5282,True,False,https://www.amazon.in/dp/B0BR5RM6M3?th=1,Fitment/Installation,CE1857014MATL,
ok,5299.0,6328.95,8,True,,-1.0,B079WW153D,CE1857014MLTL,"Ceat Milaze X3 TL 185/70% R14 88T Tubeless Car Tyre, Front",CEAT,Tyre - 4W,5299,False,False,https://www.amazon.in/dp/B079WW153D?th=1,Latched On,CE1857014MLTL,
ok,5349.0,5349.0,2,True,,50.0,B0F28Z1827,CE1857014MXTL,CEAT 185/70 R14 MILAZE X5 88T TUBELESS TYRE | Car Tyre for Front and Rear,CEAT,Tyre - 4W,5349,False,False,https://www.amazon.in/dp/B0F28Z1827?th=1,Latched On,CE1857014MXTL,
ok,5473.0,5473.0,1,True,,,B0GGYTH8W5,CE1857014MXTLWF,CEAT 185/70 R14 MILAZE X5 88T TUBELESS TYRE | With Doorstep Installation,CEAT,Tyre - 4W,5473,True,False,https://www.amazon.in/dp/B0GGYTH8W5?th=1,Fitment/Installation,CE1857014MXTL,https://www.flipkart.com/product/p/itme?pid=VTEHEYZQF3GBDGRZ
ok,5282.0,5282.0,1,True,,,B0GN2GR9Z8,CE1857014XMTLWF,CEAT (With Fitment) 185/70 R14 MILAZE X3 88T TUBELESS TYRE,CEAT,Tyre - 4W,5282,True,False,https://www.amazon.in/dp/B0GN2GR9Z8?th=1,Fitment/Installation,CE1857014XMTL,https://www.flipkart.com/product/p/itme?pid=VTEGYG8G7SGXA2C7
ok,5585.0,5585.0,1,True,,,B0CFVV3SPX,CE1857015SDTLODLON,Ceat 185/70% R15 Securadrive 89H Tubeless Car Tyre,CEAT,Tyre - 4W,5585,False,False,https://www.amazon.in/dp/B0CFVV3SPX?th=1,Only Delivery,CE1857015SDTL,
ok,6967.0,6967.0,1,True,,,B0F28XRM6T,CE1858516ZETT,CEAT 185/85 R16 MILAZE 105Q LT TUBE-TYPE TYRE | Car Tyre for Front and Rear,CEAT,Tyre - 4W,6967,False,False,https://www.amazon.in/dp/B0F28XRM6T?th=1,Only Delivery,CE1858516ZETT,https://www.flipkart.com/product/p/itme?pid=VTEHKARHAB2EBFJ6
ok,7267.0,7100.0,2,True,,0.0,B0GGZ3PFCT,CE1858516ZETTWF,CEAT 185/85 R16 MILAZE 105Q LT TUBE-TYPE TYRE | With Doorstep Installation,CEAT,Tyre - 4W,7267,True,False,https://www.amazon.in/dp/B0GGZ3PFCT?th=1,Fitment/Installation,CE1858516ZETT,https://www.flipkart.com/product/p/itme?pid=VTEGYG8GE8KZZJGT
ok,7060.0,7805.95,3,True,,50.0,B0F28YJ6R1,CE1955516DATL,CEAT 195/55 R16 SECURADRIVE 87V TUBELESS TYRE | Car Tyre for Front and Rear,CEAT,Tyre - 4W,7060,False,False,https://www.amazon.in/dp/B0F28YJ6R1?th=1,Latched On,CE1955516DATL,
ok,6549.0,6549.0,8,False,271.0,,B07MNVQ8B1,CE1955516DATLODLON,Ceat 104282 Secura Drive 195/55 R16 87V Tubeless Car Tyre,CEAT,Tyre - 4W,6820,False,False,https://www.amazon.in/dp/B07MNVQ8B1?th=1,Latched On,CE1955516DATL,
ok,7220.0,7220.0,1,True,,,B0GGYXPW2V,CE1955516DATLWF,CEAT 195/55 R16 SECURADRIVE 87V TUBELESS TYRE | With Doorstep Installation,CEAT,Tyre - 4W,7220,True,False,https://www.amazon.in/dp/B0GGYXPW2V?th=1,Fitment/Installation,CE1955516DATL,https://www.flipkart.com/product/p/itme?pid=VTEGYG8GVGEH62JP
ok,7800.0,7800.0,1,True,,,B0F28VVQYS,CE1956015SETL,CEAT 195/60 R15 SECURADRIVE 88V TUBELESS TYRE | Car Tyre for Front and Rear,CEAT,Tyre - 4W,7800,False,False,https://www.amazon.in/dp/B0F28VVQYS?th=1,Only Delivery,CE1956015SETL,https://www.flipkart.com/product/p/itme?pid=VTEHKARH29GUMHTN
ok,8100.0,8100.0,1,True,,,B0GGYTD6CW,CE1956015SETLWF,CEAT 195/60 R15 SECURADRIVE 88V TUBELESS TYRE | With Doorstep Installation,CEAT,Tyre - 4W,8100,True,False,https://www.amazon.in/dp/B0GGYTD6CW?th=1,Fitment/Installation,CE1956015SETL,https://www.flipkart.com/product/p/itme?pid=VTEGYG8GYQJFS8YM
ok,8100.0,8100.0,1,True,,,B0CFVQPY33,CE1956015SUTL,Ceat 195/60 R15 Securadrive 88V Tubeless Car Tyre with Add on Home Installation CE1956015SETL-HF,CEAT,Tyre - 4W,8100,True,False,https://www.amazon.in/dp/B0CFVQPY33?th=1,Fitment/Installation,CE1956015SUTL,
ok,7228.0,7228.0,1,True,,,B0GN2T1G85,CE1956016ESTLWF,CEAT (With Fitment) 195/60 R16 SECURADRIVE 89V TUBELESS TYRE,CEAT,Tyre - 4W,7228,True,False,https://www.amazon.in/dp/B0GN2T1G85?th=1,Fitment/Installation,CE1956016ESTL,
ok,7228.0,7228.0,1,True,,,B0B1WP7ZFQ,CE1956016SITL,Ceat 195/60 R16 89H Secura Drive Tubeless Car Tyre with Addon Home Fitment option,CEAT,Tyre - 4W,7228,True,False,https://www.amazon.in/dp/B0B1WP7ZFQ?th=1,Fitment/Installation,CE1956016SITL,
ok,6272.0,6272.0,1,True,,,B0C3V7VCBP,CE1956515SCTL,Ceat 195/65R15 SECURADRIVE TL 91H Car Tyre,CEAT,Tyre - 4W,6272,False,False,https://www.amazon.in/dp/B0C3V7VCBP?th=1,Only Delivery,CE1956515SCTL,
ok,6000.0,6000.0,7,False,272.0,,B0F28Y3T54,CE1956515SRTL,CEAT 195/65 R15 SECURADRIVE 91H TUBELESS TYRE | Car Tyre for Front and Rear,CEAT,Tyre - 4W,6272,False,False,https://www.amazon.in/dp/B0F28Y3T54?th=1,Latched On,CE1956515SRTL,
ok,6572.0,6572.0,1,True,,,B0GGYKMNL5,CE1956515SRTLWF,CEAT 195/65 R15 SECURADRIVE 91H TUBELESS TYRE | With Doorstep Installation,CEAT,Tyre - 4W,6572,True,False,https://www.amazon.in/dp/B0GGYKMNL5?th=1,Fitment/Installation,CE1956515SRTL,https://www.flipkart.com/product/p/itme?pid=VTEGYG8GGVECRUT8
ok,9999.0,9999.0,1,True,,,B0GQ2WFVLN,CE2054517SCTL,CEAT 205/45 R17 SPORTDRIVE CALM 88Y XL TUBELESS TYRE,CEAT,Tyre - 4W,9999,False,False,https://www.amazon.in/dp/B0GQ2WFVLN?th=1,Only Delivery,CE2054517SCTL,https://www.flipkart.com/product/p/itme?pid=VTEHMVVZJXPK8WTJ
ok,10299.0,10299.0,1,True,,,B0GQ3322KG,CE2054517SCTLWF,With Doorstep Fitment - CEAT 205/45 R17 SPORTDRIVE CALM 88Y XL TUBELESS TYRE,CEAT,Tyre - 4W,10299,True,False,https://www.amazon.in/dp/B0GQ3322KG?th=1,Fitment/Installation,CE2054517SCTL,https://www.flipkart.com/product/p/itme?pid=VTEHKGYQF8Z3AJFK
ok,7525.0,7525.0,1,True,,,B0C3V5NF36,CE2055516SDTL,Ceat 205/55R16 SECURADRIVE TL 91H Car Tyre,CEAT,Tyre - 4W,7525,False,False,https://www.amazon.in/dp/B0C3V5NF36?th=1,Only Delivery,CE2055516SDTL,
ok,7825.0,7825.0,1,True,,,B0GGYXJM9L,CE2055516SHTLWF,CEAT 205/55 R16 SECURADRIVE 91H TUBELESS TYRE | With Doorstep Installation,CEAT,Tyre - 4W,7825,True,False,https://www.amazon.in/dp/B0GGYXJM9L?th=1,Fitment/Installation,CE2055516SHTL,https://www.flipkart.com/product/p/itme?pid=VTEGYG8GZM2YKDBV
ok,20000.0,20000.0,1,True,,,B0B3J2RRR1,CE2055516SITL,Ceat 205/55 R16 SecuraDrive 91V Tubeless Car Tyre with Add on Home Installation CE2055516DATL-HF,CEAT,Tyre - 4W,20000,True,False,https://www.amazon.in/dp/B0B3J2RRR1?th=1,Fitment/Installation,CE2055516SITL,
ok,20000.0,20000.0,1,True,,,B0B3HYXX59,CE2055516SRTL,CEAT 205/55 R16 SECURADRIVE 91V Tubeless Car Tyre with Addon Home Fitment option,CEAT,Tyre - 4W,20000,True,False,https://www.amazon.in/dp/B0B3HYXX59?th=1,Fitment/Installation,CE2055516SRTL,
ok,7049.0,10548.95,3,True,,0.0,B0F28XCMGQ,CE2055517SDTL,CEAT 205/55 R17 SECURADRIVE 91H TUBELESS TYRE | Car Tyre for Front and Rear,CEAT,Tyre - 4W,7049,False,False,https://www.amazon.in/dp/B0F28XCMGQ?th=1,Latched On,CE2055517SDTL,
ok,7299.0,7299.0,2,False,62.0,,B0CFVT4NLD,CE2055517SDTLODLON,Ceat 205/55 R17 Securadrive 91H Tubeless Car Tyre with Add on Home Installation CE2055517SDTL-HF,CEAT,Tyre - 4W,7361,True,False,https://www.amazon.in/dp/B0CFVT4NLD?th=1,Fitment/Installation,CE2055517SDTL,https://www.flipkart.com/product/p/itme?pid=VTEGYG8GVDY2AMD7
ok,7361.0,7361.0,1,True,,,B0GGYLWS4W,CE2055517SDTLWF,CEAT 205/55 R17 SECURADRIVE 91H TUBELESS TYRE | With Doorstep Installation,CEAT,Tyre - 4W,7361,True,False,https://www.amazon.in/dp/B0GGYLWS4W?th=1,Fitment/Installation,CE2055517SDTL,https://www.flipkart.com/product/p/itme?pid=VTEGYG8GVDY2AMD7
ok,7976.0,7976.0,1,True,,,B0BZVW6WLB,CE2056016SCTL,Ceat 205/60 R16 SecuraDrive SUV TL 92H,CEAT,Tyre - 4W,7976,False,False,https://www.amazon.in/dp/B0BZVW6WLB?th=1,Only Delivery,CE2056016SCTL,
ok,7549.0,8440.0,7,False,54.0,,B08R2166FW,CE2056016SETLODLON,Ceat Secura Drive 205/60% R16 92H Tubeless SUV Tyre,CEAT,Tyre - 4W,7603,False,False,https://www.amazon.in/dp/B08R2166FW?th=1,Latched On,CE2056016SETL,
ok,8051.0,8051.0,1,True,,,B0GQ2ZL659,CE2056016SETLWF,With Doorstep Fitment - CEAT 205/60 R16 SECURADRIVE 92H TUBELESS TYRE,CEAT,Tyre - 4W,8051,True,False,https://www.amazon.in/dp/B0GQ2ZL659?th=1,Fitment/Installation,CE2056016SETL,https://www.flipkart.com/product/p/itme?pid=VTEGYG8GFHVEDEFW
ok,,,0,,,,B0BR5T2GJ5,CE2056016SRTL,CEAT 205/60 R16 SECURADRIVE 92H Tubeless Tyre with Addon Home Fitment CE2056016SETL,CEAT,Tyre - 4W,8051,True,False,https://www.amazon.in/dp/B0BR5T2GJ5?th=1,Fitment/Installation,CE2056016SRTL,
ok,7976.0,7976.0,1,True,,,B0F28VXYB3,CE2056016SUTL,CEAT 205/60 R16 SECURADRIVE SUV 92H TUBELESS TYRE | Car Tyre for Front and Rear,CEAT,Tyre - 4W,7976,False,False,https://www.amazon.in/dp/B0F28VXYB3?th=1,Only Delivery,CE2056016SUTL,https://www.flipkart.com/product/p/itme?pid=VTEHKARHQ3DANYBF
ok,8276.0,8276.0,1,True,,,B0GGYT31HY,CE2056016SUTLWF,CEAT 205/60 R16 SECURADRIVE SUV 92H TUBELESS TYRE | With Doorstep Installation,CEAT,Tyre - 4W,8276,True,False,https://www.amazon.in/dp/B0GGYT31HY?th=1,Fitment/Installation,CE2056016SUTL,https://www.flipkart.com/product/p/itme?pid=VTEGYG8GQGARFFGN
ok,8276.0,8276.0,1,True,,,B0CFVRS53P,CE2056016SVTL,Ceat 205/60 R16 Securadrive SUV 92H Tubeless Car Tyre with Add on Home Installation CE2056016SUTL-HF,CEAT,Tyre - 4W,8276,True,False,https://www.amazon.in/dp/B0CFVRS53P?th=1,Fitment/Installation,CE2056016SVTL,
ok,6967.0,6967.0,1,True,,,B0HC7814ZT,CE2056515EMTLOD,CEAT 205/65 R15 MILAZE X3 94S TUBELESS TYRE TWI,CEAT,Tyre - 4W,6967,False,False,https://www.amazon.in/dp/B0HC7814ZT?th=1,Only Delivery,CE2056515EMTL,https://www.flipkart.com/product/p/itme?pid=VTEHKARMKEFGEDWT
ok,7267.0,7267.0,1,True,,,B0GGYXPLBV,CE2056515EMTLWF,Ceat 205/65 R15 Milaze X3 94S Tubeless Car Tyre Twi with Add on Home Installation CE2056515EMTL-HF With Doorstep Installation,CEAT,Tyre - 4W,7267,True,False,https://www.amazon.in/dp/B0GGYXPLBV?th=1,Fitment/Installation,CE2056515EMTL,https://www.flipkart.com/product/p/itme?pid=VTEGYG8GMFYPFHH7
ok,7267.0,7267.0,1,True,,,B0BR5WRT2Q,CE2056515MATL,CEAT 205/65 R15 MILAZE X3 94S Tubeless Tyre with Addon Home Fitment CE2056515EMTL-1,CEAT,Tyre - 4W,7267,True,False,https://www.amazon.in/dp/B0BR5WRT2Q?th=1,Fitment/Installation,CE2056515MATL,
ok,7267.0,7267.0,1,True,,,B0BR5TDHHC,CE2056515MLTL,CEAT 205/65 R15 MILAZE X3 94S Tubeless Tyre with Addon Home Fitment CE2056515EMTL-2,CEAT,Tyre - 4W,7267,True,False,https://www.amazon.in/dp/B0BR5TDHHC?th=1,Fitment/Installation,CE2056515MLTL,
ok,7267.0,7267.0,1,True,,,B0GGYT2V9S,CE2056516MXTLWF,Ceat 205/65 R16 Milaze X3 95S Tubeless Car Tyre TWI with Add on Home Installation CE2056516MXTL-HF With Doorstep Installation,CEAT,Tyre - 4W,7267,True,False,https://www.amazon.in/dp/B0GGYT2V9S?th=1,Fitment/Installation,CE2056516MXTL,https://www.flipkart.com/product/p/itme?pid=VTEGYG8GGFDYGQ2F
ok,6656.0,6656.0,1,True,,,B0BZVV93BX,CE2056516SCTL,Ceat 205/65 R16 SecuraDrive SUV TL 95H,CEAT,Tyre - 4W,6656,False,False,https://www.amazon.in/dp/B0BZVV93BX?th=1,Only Delivery,CE2056516SCTL,
ok,6175.0,6745.67,10,False,129.0,,B0F28XL1QV,CE2056516SETL,CEAT 205/65 R16 SECURADRIVE SUV 95H TUBELESS TYRE | Car Tyre for Front and Rear,CEAT,Tyre - 4W,6304,False,True,https://www.amazon.in/dp/B0F28XL1QV?th=1,Latched On,CE2056516SETL,
ok,6956.0,6956.0,1,True,,,B0GGYMHSVC,CE2056516SETLWF,CEAT 205/65 R16 SECURADRIVE SUV 95H TUBELESS TYRE | With Doorstep Installation,CEAT,Tyre - 4W,6956,True,False,https://www.amazon.in/dp/B0GGYMHSVC?th=1,Fitment/Installation,CE2056516SETL,https://www.flipkart.com/product/p/itme?pid=VTEHEYZQ23GSZHNJ
ok,9099.0,9099.0,1,True,,,B0GQ393417,CE2154517SCTL,CEAT 215/45 R17 SPORTDRIVE CALM 91Y XL TUBELESS TYRE,CEAT,Tyre - 4W,9099,False,False,https://www.amazon.in/dp/B0GQ393417?th=1,Only Delivery,CE2154517SCTL,https://www.flipkart.com/product/p/itme?pid=VTEHMVWFPVEKRF3H
ok,9399.0,9399.0,1,True,,,B0GQ32S1ZN,CE2154517SCTLWF,With Doorstep Fitment - CEAT 215/45 R17 SPORTDRIVE CALM 91Y XL TUBELESS TYRE,CEAT,Tyre - 4W,9399,True,False,https://www.amazon.in/dp/B0GQ32S1ZN?th=1,Fitment/Installation,CE2154517SCTL,https://www.flipkart.com/product/p/itme?pid=VTEHKGYQYH5MUTFS
ok,10099.0,10099.0,1,True,,,B0GQ32NFF3,CE2155017SCTL,CEAT 215/50 R17 SPORTDRIVE CALM 95Y XL TUBELESS TYRE,CEAT,Tyre - 4W,10099,False,False,https://www.amazon.in/dp/B0GQ32NFF3?th=1,Only Delivery,CE2155017SCTL,https://www.flipkart.com/product/p/itme?pid=VTEHMVVZPDCFG4NR
ok,10399.0,10399.0,1,True,,,B0GQ31ZTVW,CE2155017SCTLWF,With Doorstep Fitment - CEAT 215/50 R17 SPORTDRIVE CALM 95Y XL TUBELESS TYRE,CEAT,Tyre - 4W,10399,True,False,https://www.amazon.in/dp/B0GQ31ZTVW?th=1,Fitment/Installation,CE2155017SCTL,https://www.flipkart.com/product/p/itme?pid=VTEHKDTBPEZHDHKT
ok,7400.0,7999.0,5,True,,0.0,B0BZVT98VH,CE2155517SUTL,Ceat 215/55 R17 SecuraDrive SUV TL 94V,CEAT,Tyre - 4W,7400,False,True,https://www.amazon.in/dp/B0BZVT98VH?th=1,Latched On,CE2155517SUTL,
ok,7687.0,7687.0,1,True,,,B0GGYP4GDN,CE2155517SUTLWF,Ceat 215/55 R17 Securadrive Suv 94V Tubeless Car Tyre with Add on Home Installation CE2155517SUTL-HF With Doorstep Installation,CEAT,Tyre - 4W,7687,True,False,https://www.amazon.in/dp/B0GGYP4GDN?th=1,Fitment/Installation,CE2155517SUTL,https://www.flipkart.com/product/p/itme?pid=VTEGYG8G4WJ9QVSH
ok,8755.45,8755.45,4,False,194.55,,B0F28ZFLZK,CE2155518SDTLODLON,CEAT 215/55 R18 SECURADRIVE 95H TUBELESS TYRE | Car Tyre for Front and Rear,CEAT,Tyre - 4W,8950,False,False,https://www.amazon.in/dp/B0F28ZFLZK?th=1,Latched On,CE2155518SDTL,
ok,9185.0,9185.0,1,True,,,B0GGYP1448,CE2155518SDTLWF,CEAT 215/55 R18 SECURADRIVE 95H TUBELESS TYRE | With Doorstep Installation,CEAT,Tyre - 4W,9185,True,False,https://www.amazon.in/dp/B0GGYP1448?th=1,Fitment/Installation,CE2155518SDTL,https://www.flipkart.com/product/p/itme?pid=VTEHEYZQGAC2TME7
ok,6370.0,6370.0,24,True,,-70.0,B07MR2FLBZ,CE2156016SETLODLON,Ceat SecuraDrive 215/60 R16 95H Tubeless Car Tyre,CEAT,Tyre - 4W,6370,False,False,https://www.amazon.in/dp/B07MR2FLBZ?th=1,Latched On,CE2156016SETL,
ok,6455.0,6455.0,6,False,15.0,,B0F28XTMBF,CE2156016SETLODLON1,CEAT 215/60 R16 SECURADRIVE 95H TUBELESS TYRE | Car Tyre for Front and Rear,CEAT,Tyre - 4W,6470,False,True,https://www.amazon.in/dp/B0F28XTMBF?th=1,Latched On,CE2156016SETLODLON1,
ok,6870.0,6870.0,1,True,,,B0GGZ6QVQM,CE2156016SETLWF,CEAT 215/60 R16 SECURADRIVE 95H TUBELESS TYRE | With Doorstep Installation,CEAT,Tyre - 4W,6870,True,False,https://www.amazon.in/dp/B0GGZ6QVQM?th=1,Fitment/Installation,CE2156016SETL,https://www.flipkart.com/product/p/itme?pid=VTEGYG8GG8KZUZYH
ok,7000.0,7000.0,1,True,,,B0CZNYD6PR,CE2156017SDTL,CEAT SecuraDrive SUV 215/60 R17 96 Tubeless Car Tyre,CEAT,Tyre - 4W,7000,False,False,https://www.amazon.in/dp/B0CZNYD6PR?th=1,Only Delivery,CE2156017SDTL,
ok,6800.0,6800.0,6,False,200.0,,B0F28X8GD3,CE2156017SRTLODLON1,CEAT 215/60 R17 SECURADRIVE SUV 96H TUBELESS TYRE | Car Tyre for Front and Rear,CEAT,Tyre - 4W,7000,False,False,https://www.amazon.in/dp/B0F28X8GD3?th=1,Latched On,CE2156017SRTLODLON1,
ok,7135.0,6629.0,2,True,,0.0,B0GGYX88DL,CE2156017SRTLWF,CEAT 215/60 R17 SECURADRIVE SUV 96H TUBELESS TYRE | With Doorstep Installation,CEAT,Tyre - 4W,7135,True,False,https://www.amazon.in/dp/B0GGYX88DL?th=1,Fitment/Installation,CE2156017SRTL,https://www.flipkart.com/product/p/itme?pid=VTEGYG8G4X3GGDGA
ok,8939.0,9439.09,6,True,,0.0,B0BZVRVMVV,CE2156516SDTL,Ceat 215/65 R16 SecuraDrive SUV TL 98H,CEAT,Tyre - 4W,8939,False,False,https://www.amazon.in/dp/B0BZVRVMVV?th=1,Latched On,CE2156516SDTL,
ok,9239.0,9239.0,1,True,,,B0GGYKTKVB,CE2156516SDTLWF,Ceat 215/65 R16 SecuraDrive SUV 98H Tubeless Car Tyre with Add on Home Installation CE2156516SDTL-HF With Doorstep Installation,CEAT,Tyre - 4W,9239,True,False,https://www.amazon.in/dp/B0GGYKTKVB?th=1,Fitment/Installation,CE2156516SDTL,https://www.flipkart.com/product/p/itme?pid=VTEGYG8GGCRF9QDA
ok,7404.0,7404.0,1,True,,,B0GGYKKQPY,CE2157515CDTLWF,CEAT 215/75 R15 CrossDrive AT 100S TUBELESS TYRE | With Doorstep Installation,CEAT,Tyre - 4W,7404,True,False,https://www.amazon.in/dp/B0GGYKKQPY?th=1,Fitment/Installation,CE2157515CDTL,https://www.flipkart.com/product/p/itme?pid=VTEGYG8GCT4EDJHE
ok,7104.0,7104.0,1,True,,,B0C1YSK5LH,CE2157515COTL,Ceat 215/75R15 CrossDrive AT TL 100S SUV Tyre,CEAT,Tyre - 4W,7104,False,False,https://www.amazon.in/dp/B0C1YSK5LH?th=1,Only Delivery,CE2157515COTL,
ok,6741.0,6741.0,1,True,,,B0F28X37X6,CE2157515SBTL,CEAT 215/75 R15 F1 STEEL BT 100S TUBELESS TYRE | Car Tyre for Front and Rear,CEAT,Tyre - 4W,6741,False,False,https://www.amazon.in/dp/B0F28X37X6?th=1,Only Delivery,CE2157515SBTL,https://www.flipkart.com/product/p/itme?pid=VTEHKARH6PH6VNAY
ok,7041.0,7041.0,1,True,,,B0GGZ3FQVL,CE2157515SBTLWF,CEAT 215/75 R15 F1 STEEL BT 100S TUBELESS TYRE | With Doorstep Installation,CEAT,Tyre - 4W,7041,True,False,https://www.amazon.in/dp/B0GGZ3FQVL?th=1,Fitment/Installation,CE2157515SBTL,https://www.flipkart.com/product/p/itme?pid=VTEGYG8G3GQRMYNR
ok,6692.0,6692.0,1,True,,,B0F28Y4NCF,CE2157515SLTL,CEAT 215/75 R15 F1 STEEL BT 100S TUBE-TYPE TYRE | Car Tyre for Front and Rear,CEAT,Tyre - 4W,6692,False,False,https://www.amazon.in/dp/B0F28Y4NCF?th=1,Only Delivery,CE2157515SLTL,https://www.flipkart.com/product/p/itme?pid=VTEHKARHETGCJHSR
ok,6992.0,6992.0,1,True,,,B0GGZ8G3DZ,CE2157515SLTLWF,CEAT 215/75 R15 F1 STEEL BT 100S TUBE-TYPE TYRE | With Doorstep Installation,CEAT,Tyre - 4W,6992,True,False,https://www.amazon.in/dp/B0GGZ8G3DZ?th=1,Fitment/Installation,CE2157515SLTL,https://www.flipkart.com/product/p/itme?pid=VTEGYG8GBYMHN5TD
ok,6409.0,7232.03,3,True,,0.0,B0F28XLB3K,CE2157515SSTL,CEAT 215/75 R15 SECURADRIVE SUV 100H TUBELESS TYRE | Car Tyre for Front and Rear,CEAT,Tyre - 4W,6409,False,False,https://www.amazon.in/dp/B0F28XLB3K?th=1,Latched On,CE2157515SSTL,
ok,7228.0,7100.0,2,True,,0.0,B0GGYKVGNB,CE2157515SSTLWF,CEAT 215/75 R15 SECURADRIVE SUV 100H TUBELESS TYRE | With Doorstep Installation,CEAT,Tyre - 4W,7228,True,False,https://www.amazon.in/dp/B0GGYKVGNB?th=1,Fitment/Installation,CE2157515SSTL,https://www.flipkart.com/product/p/itme?pid=VTEHEYZQYGKUJ2BT
ok,10349.0,10349.0,1,True,,,B0GN2PPZYD,CE2254018SCTL,CEAT 225/40 R18 SPORTDRIVE CALM 92Y XL TUBELESS TYRE,CEAT,Tyre - 4W,10349,False,False,https://www.amazon.in/dp/B0GN2PPZYD?th=1,Only Delivery,CE2254018SCTL,https://www.flipkart.com/product/p/itme?pid=VTEHMVWFVQJFAGHG
ok,10649.0,10649.0,1,True,,,B0GN2SWG7K,CE2254018SCTLWF,CEAT (With Fitment) 225/40 R18 SPORTDRIVE CALM 92Y XL TUBELESS TYRE,CEAT,Tyre - 4W,10649,True,False,https://www.amazon.in/dp/B0GN2SWG7K?th=1,Fitment/Installation,CE2254018SCTL,https://www.flipkart.com/product/p/itme?pid=VTEHKDTBX3VHPCJM
ok,22549.0,22549.0,1,True,,,B0GN2YD4ZC,CE2254018STTL,CEAT 225/40 R18 SPORTDRIVE 92Y RUN FLAT RFT TYRE,CEAT,Tyre - 4W,22549,False,False,https://www.amazon.in/dp/B0GN2YD4ZC?th=1,Only Delivery,CE2254018STTL,https://www.flipkart.com/product/p/itme?pid=VTEHKARMZZYCTZAG
ok,22849.0,22849.0,1,True,,,B0GN2Z8ZDD,CE2254018STTLWF,CEAT (With Fitment) 225/40 R18 SPORTDRIVE 92Y RUN FLAT RFT TYRE,CEAT,Tyre - 4W,22849,True,False,https://www.amazon.in/dp/B0GN2Z8ZDD?th=1,Fitment/Installation,CE2254018STTL,https://www.flipkart.com/product/p/itme?pid=VTEHEFF5TUHYGRDR
ok,11749.0,11749.0,1,True,,,B0GQ362CB1,CE2254517SCTL,CEAT 225/45 R17 SPORTDRIVE CALM 94Y XL TUBELESS TYRE,CEAT,Tyre - 4W,11749,False,False,https://www.amazon.in/dp/B0GQ362CB1?th=1,Only Delivery,CE2254517SCTL,https://www.flipkart.com/product/p/itme?pid=VTEHMVVZDWGWPTZV
ok,11800.0,11800.0,2,False,249.0,,B0GQ39R68P,CE2254517SCTLWF,With Doorstep Fitment - CEAT 225/45 R17 SPORTDRIVE CALM 94Y XL TUBELESS TYRE,CEAT,Tyre - 4W,12049,True,False,https://www.amazon.in/dp/B0GQ39R68P?th=1,Fitment/Installation,CE2254517SCTL,https://www.flipkart.com/product/p/itme?pid=VTEHKGYPG7FTTDBH
ok,15999.0,15999.0,1,True,,,B0GN2V8YWQ,CE2255018SCTL,CEAT 225/50 R18 SPORTDRIVE CALM 99W XL TUBELESS TYRE,CEAT,Tyre - 4W,15999,False,False,https://www.amazon.in/dp/B0GN2V8YWQ?th=1,Only Delivery,CE2255018SCTL,https://www.flipkart.com/product/p/itme?pid=VTEHMVWFFT3MSRFU
ok,16299.0,16299.0,1,True,,,B0GN2V6RBD,CE2255018SCTLWF,CEAT (With Fitment) 225/50 R18 SPORTDRIVE CALM 99W XL TUBELESS TYRE,CEAT,Tyre - 4W,16299,True,False,https://www.amazon.in/dp/B0GN2V6RBD?th=1,Fitment/Installation,CE2255018SCTL,https://www.flipkart.com/product/p/itme?pid=VTEHKGYQFF8FTZRJ
ok,14399.0,14399.0,1,True,,,B0GN341BJD,CE2255518SCTL,CEAT 225/55 R18 SPORTDRIVE CALM 102W XL TUBELESS TYRE,CEAT,Tyre - 4W,14399,False,False,https://www.amazon.in/dp/B0GN341BJD?th=1,Only Delivery,CE2255518SCTL,https://www.flipkart.com/product/p/itme?pid=VTEHMVW2T9MP8C6H
ok,14699.0,14699.0,1,True,,,B0GN2Y6JZH,CE2255518SCTLWF,CEAT (With Fitment) 225/55 R18 SPORTDRIVE CALM 102W XL TUBELESS TYRE,CEAT,Tyre - 4W,14699,True,False,https://www.amazon.in/dp/B0GN2Y6JZH?th=1,Fitment/Installation,CE2255518SCTL,https://www.flipkart.com/product/p/itme?pid=VTEHKGYRUNFA2ZPM
ok,1827.0,1827.0,5,True,,0.0,B0F4RB6GV2,CE230018MIXTL,CEAT 3.00-18 MILAZE X5 TUBELESS TYRE | Rear | Car Tyre for Front and Rear,CEAT,Tyre - 4W,1827,False,False,https://www.amazon.in/dp/B0F4RB6GV2?th=1,Latched On,CE230018MIXTL,
ok,2312.0,2312.0,1,True,,,B0H1MLWQLG,CE230018MIXTLWF,With Doorstep Fitment - CEAT 3.00-18 MILAZE X5 TUBELESS TYRE | Rear | Car Tyre for Front and Rear,CEAT,Tyre - 4W,2312,True,False,https://www.amazon.in/dp/B0H1MLWQLG?th=1,Fitment/Installation,CE230018MIXTL,https://www.flipkart.com/product/p/itme?pid=TWTHFHUAGFZUDATF
ok,19499.0,19499.0,1,True,,,B0GN2QL3PD,CE2355018STTL,CEAT 235/50 R18 SPORTDRIVE SUV CALM 101V XL TUBELESS TYRE,CEAT,Tyre - 4W,19499,False,False,https://www.amazon.in/dp/B0GN2QL3PD?th=1,Only Delivery,CE2355018STTL,https://www.flipkart.com/product/p/itme?pid=VTEHKARM4CYUC6M5
ok,19799.0,19799.0,1,True,,,B0GN2ZXFTT,CE2355018STTLWF,CEAT (With Fitment) 235/50 R18 SPORTDRIVE SUV CALM 101V XL TUBELESS TYRE,CEAT,Tyre - 4W,19799,True,False,https://www.amazon.in/dp/B0GN2ZXFTT?th=1,Fitment/Installation,CE2355018STTL,https://www.flipkart.com/product/p/itme?pid=VTEHEYZQN3FUUYK6
ok,19799.0,19799.0,1,True,,,B0GN2YSNPD,CE2355518STTL,CEAT 235/55 R18 SPORTDRIVE SUV CALM 104W XL TUBELESS TYRE,CEAT,Tyre - 4W,19799,False,False,https://www.amazon.in/dp/B0GN2YSNPD?th=1,Only Delivery,CE2355518STTL,https://www.flipkart.com/product/p/itme?pid=VTEHKARMUX9UYVCE
ok,14999.0,14999.0,2,False,5100.0,,B0GN2VC97T,CE2355518STTLWF,CEAT (With Fitment) 235/55 R18 SPORTDRIVE SUV CALM 104W XL TUBELESS TYRE,CEAT,Tyre - 4W,20099,True,False,https://www.amazon.in/dp/B0GN2VC97T?th=1,Fitment/Installation,CE2355518STTL,https://www.flipkart.com/product/p/itme?pid=VTEHEF76TKYJE5MQ
ok,17949.0,17949.0,1,True,,,B0GN2ZYCML,CE2355519STTL,CEAT 235/55 R19 SPORTDRIVE SUV CALM 105W XL TUBELESS TYRE,CEAT,Tyre - 4W,17949,False,False,https://www.amazon.in/dp/B0GN2ZYCML?th=1,Only Delivery,CE2355519STTL,https://www.flipkart.com/product/p/itme?pid=VTEHKARM82CJHZGS
ok,18249.0,18249.0,1,True,,,B0GN2Z4YHS,CE2355519STTLWF,CEAT (With Fitment) 235/55 R19 SPORTDRIVE SUV CALM 105W XL TUBELESS TYRE,CEAT,Tyre - 4W,18249,True,False,https://www.amazon.in/dp/B0GN2Z4YHS?th=1,Fitment/Installation,CE2355519STTL,https://www.flipkart.com/product/p/itme?pid=VTEHEYZQSPNCZSCG
ok,11389.0,16878.95,2,True,,5489.95,B0GQ2W8KMZ,CE2356018SSTL,CEAT 235/60 R18 SECURADRIVE SUV 103H TUBELESS TYRE,CEAT,Tyre - 4W,11389,False,False,https://www.amazon.in/dp/B0GQ2W8KMZ?th=1,Latched On,CE2356018SSTL,
ok,11569.0,11569.0,1,True,,,B0GQ2W9P7K,CE2356018SSTLWF,With Doorstep Fitment - CEAT 235/60 R18 SECURADRIVE SUV 103H TUBELESS TYRE,CEAT,Tyre - 4W,11569,True,False,https://www.amazon.in/dp/B0GQ2W9P7K?th=1,Fitment/Installation,CE2356018SSTL,https://www.flipkart.com/product/p/itme?pid=VTEHEF76XDSUKKDF
ok,15849.0,15849.0,1,True,,,B0GN2Z3WJC,CE2356018STTL,CEAT 235/60 R18 SPORTDRIVE SUV CALM 107W XL TUBELESS TYRE,CEAT,Tyre - 4W,15849,False,False,https://www.amazon.in/dp/B0GN2Z3WJC?th=1,Only Delivery,CE2356018STTL,https://www.flipkart.com/product/p/itme?pid=VTEHKARMGU9EZDGW
ok,16149.0,16149.0,1,True,,,B0GN34DXF1,CE2356018STTLWF,CEAT (With Fitment) 235/60 R18 SPORTDRIVE SUV CALM 107W XL TUBELESS TYRE,CEAT,Tyre - 4W,16149,True,False,https://www.amazon.in/dp/B0GN34DXF1?th=1,Fitment/Installation,CE2356018STTL,https://www.flipkart.com/product/p/itme?pid=VTEHEF76ZGCDRUEA
ok,11650.0,11650.0,4,False,570.0,,B0F28XDTHJ,CE2356517CDTL,CEAT 235/65 R17 CrossDrive AT 104T TUBELESS TYRE | Car Tyre for Front and Rear,CEAT,Tyre - 4W,12220,False,False,https://www.amazon.in/dp/B0F28XDTHJ?th=1,Latched On,CE2356517CDTL,
ok,12220.0,12220.0,1,True,,,B0HC7FGJB9,CE2356517CDTLOD,CEAT 235/65 R17 CrossDrive AT 104T TUBELESS TYRE,CEAT,Tyre - 4W,12220,False,False,https://www.amazon.in/dp/B0HC7FGJB9?th=1,Only Delivery,CE2356517CDTL,https://www.flipkart.com/product/p/itme?pid=VTEHKARM4WSTNSFE
ok,12520.0,12520.0,1,True,,,B0GGYRT91R,CE2356517CDTLWF,CEAT 235/65 R17 CrossDrive AT 104T TUBELESS TYRE | With Doorstep Installation,CEAT,Tyre - 4W,12520,True,False,https://www.amazon.in/dp/B0GGYRT91R?th=1,Fitment/Installation,CE2356517CDTL,https://www.flipkart.com/product/p/itme?pid=VTEGYG8GPHQYJCKS
ok,10550.0,10550.0,1,True,,,B0BZVSWT8F,CE2356517SCTL,Ceat 235/65 R17 SecuraDrive SUV TL 104H,CEAT,Tyre - 4W,10550,False,False,https://www.amazon.in/dp/B0BZVSWT8F?th=1,Only Delivery,CE2356517SCTL,
ok,9810.45,9810.45,5,False,739.55,,B0CFVQPK2G,CE2356517SDTL,Ceat Tyre 235/65% R17 Secura Drive Suv Tl Tube,CEAT,Tyre - 4W,10550,False,False,https://www.amazon.in/dp/B0CFVQPK2G?th=1,Latched On,CE2356517SDTL,
ok,9717.0,9717.0,1,True,,,B0GGYSZ8TD,CE2357016CDTLWF,CEAT 235/70 R16 CrossDrive AT 106S TUBELESS TYRE | With Doorstep Installation,CEAT,Tyre - 4W,9717,True,False,https://www.amazon.in/dp/B0GGYSZ8TD?th=1,Fitment/Installation,CE2357016CDTL,https://www.flipkart.com/product/p/itme?pid=VTEGYG8G5SG75G7C
ok,9544.0,9544.0,1,True,,,B0GN371BL7,CE2357515CETL,CEAT 235/75 R15 CROSSDRIVE AT 116/113R LT TUBELESS TYRE,CEAT,Tyre - 4W,9544,False,False,https://www.amazon.in/dp/B0GN371BL7?th=1,Only Delivery,CE2357515CETL,https://www.flipkart.com/product/p/itme?pid=VTEHMVVZZ3ZZHVPP
ok,9844.0,9844.0,1,True,,,B0GN2W5NQX,CE2357515CETLWF,CEAT (With Fitment) 235/75 R15 CROSSDRIVE AT 116/113R LT TUBELESS TYRE,CEAT,Tyre - 4W,9844,True,False,https://www.amazon.in/dp/B0GN2W5NQX?th=1,Fitment/Installation,CE2357515CETL,https://www.flipkart.com/product/p/itme?pid=VTEHEFF5AVXDUHR5
ok,8623.0,8623.0,1,True,,,B0HC79MZ45,CE2357515MZTTOD,CEAT 235/75 R15 MILAZE 105S TUBE-TYPE TYRE,CEAT,Tyre - 4W,8623,False,False,https://www.amazon.in/dp/B0HC79MZ45?th=1,Only Delivery,CE2357515MZTT,https://www.flipkart.com/product/p/itme?pid=VTEHKARHH8VYFXTN
ok,8923.0,8923.0,1,True,,,B0GGYSLB9H,CE2357515MZTTWF,CEAT 235/75 R15 MILAZE 105S TUBE-TYPE TYRE | With Doorstep Installation,CEAT,Tyre - 4W,8923,True,False,https://www.amazon.in/dp/B0GGYSLB9H?th=1,Fitment/Installation,CE2357515MZTT,https://www.flipkart.com/product/p/itme?pid=VTEGYG8GSYXHARHG
ok,16349.0,16349.0,1,True,,,B0GN2L88XX,CE2454018SCTL,CEAT 245/40 R18 SPORTDRIVE CALM 97Y XL TUBELESS TYRE,CEAT,Tyre - 4W,16349,False,False,https://www.amazon.in/dp/B0GN2L88XX?th=1,Only Delivery,CE2454018SCTL,https://www.flipkart.com/product/p/itme?pid=VTEHMVWF2GHKAWXG
ok,16649.0,16649.0,1,True,,,B0GN2KMXX9,CE2454018SCTLWF,CEAT (With Fitment) 245/40 R18 SPORTDRIVE CALM 97Y XL TUBELESS TYRE,CEAT,Tyre - 4W,16649,True,False,https://www.amazon.in/dp/B0GN2KMXX9?th=1,Fitment/Installation,CE2454018SCTL,https://www.flipkart.com/product/p/itme?pid=VTEHKGYQVNX9JGKG
ok,12749.0,12749.0,1,True,,,B0GN2V6RBG,CE2454517SCTL,CEAT 245/45 R17 SPORTDRIVE CALM 99Y XL TUBELESS TYRE,CEAT,Tyre - 4W,12749,False,False,https://www.amazon.in/dp/B0GN2V6RBG?th=1,Only Delivery,CE2454517SCTL,https://www.flipkart.com/product/p/itme?pid=VTEHMVWFH3VHVF5Z
ok,13049.0,13049.0,1,True,,,B0GN2QCQTM,CE2454517SCTLWF,CEAT (With Fitment) 245/45 R17 SPORTDRIVE CALM 99Y XL TUBELESS TYRE,CEAT,Tyre - 4W,13049,True,False,https://www.amazon.in/dp/B0GN2QCQTM?th=1,Fitment/Installation,CE2454517SCTL,https://www.flipkart.com/product/p/itme?pid=VTEHKDTBBMGWY5BC
ok,15719.0,15719.0,2,True,,781.0,B0GN2X6XSS,CE2454518SCTL,CEAT 245/45 R18 SPORTDRIVE CALM 100Y XL TUBELESS TYRE,CEAT,Tyre - 4W,15719,False,False,https://www.amazon.in/dp/B0GN2X6XSS?th=1,Latched On,CE2454518SCTL,
ok,15999.0,15999.0,1,True,,,B0GN2ST61P,CE2454518SCTLWF,CEAT (With Fitment) 245/45 R18 SPORTDRIVE CALM 100Y XL TUBELESS TYRE,CEAT,Tyre - 4W,15999,True,False,https://www.amazon.in/dp/B0GN2ST61P?th=1,Fitment/Installation,CE2454518SCTL,https://www.flipkart.com/product/p/itme?pid=VTEHKDTBWYUFRTHG
ok,21649.0,21649.0,1,True,,,B0GN2YQJKJ,CE2454519SCTL,CEAT 245/45 R19 SPORTDRIVE CALM 102Y XL TUBELESS TYRE,CEAT,Tyre - 4W,21649,False,False,https://www.amazon.in/dp/B0GN2YQJKJ?th=1,Only Delivery,CE2454519SCTL,https://www.flipkart.com/product/p/itme?pid=VTEHMVW2AASHHRYU
ok,21949.0,21949.0,1,True,,,B0GN2ZGRZC,CE2454519SCTLWF,CEAT (With Fitment) 245/45 R19 SPORTDRIVE CALM 102Y XL TUBELESS TYRE,CEAT,Tyre - 4W,21949,True,False,https://www.amazon.in/dp/B0GN2ZGRZC?th=1,Fitment/Installation,CE2454519SCTL,https://www.flipkart.com/product/p/itme?pid=VTEHKGYPGVPV2DXP
ok,28649.0,28649.0,1,True,,,B0GN2Y6MNN,CE2454520STTL,CEAT 245/45 R20 SPORTDRIVE SUV CALM 103W XL TUBELESS TYRE,CEAT,Tyre - 4W,28649,False,False,https://www.amazon.in/dp/B0GN2Y6MNN?th=1,Only Delivery,CE2454520STTL,https://www.flipkart.com/product/p/itme?pid=VTEHKARMQA9HGYBT
ok,28949.0,28949.0,1,True,,,B0GN2YRC6H,CE2454520STTLWF,CEAT (With Fitment) 245/45 R20 SPORTDRIVE SUV CALM 103W XL TUBELESS TYRE,CEAT,Tyre - 4W,28949,True,False,https://www.amazon.in/dp/B0GN2YRC6H?th=1,Fitment/Installation,CE2454520STTL,https://www.flipkart.com/product/p/itme?pid=VTEHEYZQRDTPHVK8
ok,12200.0,12200.0,2,False,5699.0,,B0GN2TYQGK,CE2455018SCTL,CEAT 245/50 R18 SPORTDRIVE CALM 104W XL TUBELESS TYRE,CEAT,Tyre - 4W,17899,False,False,https://www.amazon.in/dp/B0GN2TYQGK?th=1,Latched On,CE2455018SCTL,
ok,18199.0,18199.0,1,True,,,B0GN315VT2,CE2455018SCTLWF,CEAT (With Fitment) 245/50 R18 SPORTDRIVE CALM 104W XL TUBELESS TYRE,CEAT,Tyre - 4W,18199,True,False,https://www.amazon.in/dp/B0GN315VT2?th=1,Fitment/Installation,CE2455018SCTL,https://www.flipkart.com/product/p/itme?pid=VTEHKGYQZ8FSMTTY
ok,11837.0,11837.0,1,True,,,B0GQ36G72T,CE2456517SSTL,CEAT 245/65 R17 SECURADRIVE SUV 107H TUBELESS TYRE,CEAT,Tyre - 4W,11837,False,False,https://www.amazon.in/dp/B0GQ36G72T?th=1,Only Delivery,CE2456517SSTL,https://www.flipkart.com/product/p/itme?pid=VTEHKARHFFHDGZAT
ok,12100.0,12100.0,2,False,37.0,,B0GQ3678MW,CE2456517SSTLWF,With Doorstep Fitment - CEAT 245/65 R17 SECURADRIVE SUV 107H TUBELESS TYRE,CEAT,Tyre - 4W,12137,True,False,https://www.amazon.in/dp/B0GQ3678MW?th=1,Fitment/Installation,CE2456517SSTL,https://www.flipkart.com/product/p/itme?pid=VTEHEYZQGG6GMZC9
ok,9505.0,9505.0,1,True,,,B0GN2NF6PL,CE2457016CETL,CEAT 245/70 R16 CROSSDRIVE AT 111S XL TUBELESS TYRE,CEAT,Tyre - 4W,9505,False,False,https://www.amazon.in/dp/B0GN2NF6PL?th=1,Only Delivery,CE2457016CETL,https://www.flipkart.com/product/p/itme?pid=VTEHKARN6A2SX9FY
ok,9805.0,9805.0,1,True,,,B0GN342JPK,CE2457016CETLWF,CEAT (With Fitment) 245/70 R16 CROSSDRIVE AT 111S XL TUBELESS TYRE,CEAT,Tyre - 4W,9805,True,False,https://www.amazon.in/dp/B0GN342JPK?th=1,Fitment/Installation,CE2457016CETL,https://www.flipkart.com/product/p/itme?pid=VTEHEF76EHPGP4RJ
ok,20699.0,20699.0,1,True,,,B0GN2YCD29,CE2554520STTL,CEAT 255/45 R20 SPORTDRIVE SUV CALM 105W XL TUBELESS TYRE,CEAT,Tyre - 4W,20699,False,False,https://www.amazon.in/dp/B0GN2YCD29?th=1,Only Delivery,CE2554520STTL,https://www.flipkart.com/product/p/itme?pid=VTEHKARMWYPBDFR8
ok,20999.0,20999.0,2,True,,550.0,B0GN2X5MT5,CE2554520STTLWF,CEAT (With Fitment) 255/45 R20 SPORTDRIVE SUV CALM 105W XL TUBELESS TYRE,CEAT,Tyre - 4W,20999,True,False,https://www.amazon.in/dp/B0GN2X5MT5?th=1,Fitment/Installation,CE2554520STTL,https://www.flipkart.com/product/p/itme?pid=VTEHEF76V7HGJVWY
ok,19849.0,19849.0,1,True,,,B0GN2M6NWV,CE2555019STTL,CEAT 255/50 R19 SPORTDRIVE SUV CALM 107W XL TUBELESS TYRE,CEAT,Tyre - 4W,19849,False,False,https://www.amazon.in/dp/B0GN2M6NWV?th=1,Only Delivery,CE2555019STTL,https://www.flipkart.com/product/p/itme?pid=VTEHKARMGHFXZBMA
ok,20149.0,20149.0,1,True,,,B0GN2MZLYV,CE2555019STTLWF,CEAT (With Fitment) 255/50 R19 SPORTDRIVE SUV CALM 107W XL TUBELESS TYRE,CEAT,Tyre - 4W,20149,True,False,https://www.amazon.in/dp/B0GN2MZLYV?th=1,Fitment/Installation,CE2555019STTL,https://www.flipkart.com/product/p/itme?pid=VTEHEF7H4WQHSCZU
ok,18149.0,18149.0,1,True,,,B0GN2M24ZT,CE2555518SCTL,CEAT 255/55 R18 SPORTDRIVE SUV CALM 109W XL TUBELESS TYRE,CEAT,Tyre - 4W,18149,False,False,https://www.amazon.in/dp/B0GN2M24ZT?th=1,Only Delivery,CE2555518SCTL,https://www.flipkart.com/product/p/itme?pid=VTEHMVVZ9YQFRMZH
ok,18449.0,18449.0,1,True,,,B0GN2W1D16,CE2555518SCTLWF,CEAT (With Fitment) 255/55 R18 SPORTDRIVE SUV CALM 109W XL TUBELESS TYRE,CEAT,Tyre - 4W,18449,True,False,https://www.amazon.in/dp/B0GN2W1D16?th=1,Fitment/Installation,CE2555518SCTL,https://www.flipkart.com/product/p/itme?pid=VTEHKGYZYADEZYES
ok,20099.0,20099.0,1,True,,,B0GN2Z1BDT,CE2555519STTL,CEAT 255/55 R19 SPORTDRIVE SUV CALM 111W XL TUBELESS TYRE,CEAT,Tyre - 4W,20099,False,False,https://www.amazon.in/dp/B0GN2Z1BDT?th=1,Only Delivery,CE2555519STTL,https://www.flipkart.com/product/p/itme?pid=VTEHKARMZSHRPJBH
ok,17947.0,17947.0,2,False,2452.0,,B0GN2W9PCR,CE2555519STTLWF,CEAT (With Fitment) 255/55 R19 SPORTDRIVE SUV CALM 111W XL TUBELESS TYRE,CEAT,Tyre - 4W,20399,True,False,https://www.amazon.in/dp/B0GN2W9PCR?th=1,Fitment/Installation,CE2555519STTL,https://www.flipkart.com/product/p/itme?pid=VTEHEF7HTXQ29AP6
ok,9875.0,16878.95,4,False,914.0,,B0F28Y8F46,CE2556019CDTL,CEAT 255/60 R19 CrossDrive AT 109H TUBELESS TYRE | Car Tyre for Front and Rear,CEAT,Tyre - 4W,10789,False,False,https://www.amazon.in/dp/B0F28Y8F46?th=1,Latched On,CE2556019CDTL,
ok,11089.0,11089.0,1,True,,,B0GGYY5PHD,CE2556019CDTLWF,CEAT 255/60 R19 CrossDrive AT 109H TUBELESS TYRE | With Doorstep Installation,CEAT,Tyre - 4W,11089,True,False,https://www.amazon.in/dp/B0GGYY5PHD?th=1,Fitment/Installation,CE2556019CDTL,https://www.flipkart.com/product/p/itme?pid=VTEHEFF5ZSAJX8UK
ok,,10903.0,1,,,,B0GGYR4LK8,CE2556518CDTLWF,CEAT 255/65 R18 CrossDrive AT 111H TUBELESS TYRE | With Doorstep Installation,CEAT,Tyre - 4W,10903,True,False,https://www.amazon.in/dp/B0GGYR4LK8?th=1,Fitment/Installation,CE2556518CDTL,https://www.flipkart.com/product/p/itme?pid=VTEHEYZQTSQW4EHG
ok,8554.0,8554.0,1,True,,,B0HFS2NFKY,CE2556518CRTL,CEAT 255/65 R18 CrossDrive HT 111H TUBELESS TYRE Car Tyre,CEAT,Tyre - 4W,8554,False,False,https://www.amazon.in/dp/B0HFS2NFKY?th=1,Only Delivery,CE2556518CRTL,
ok,8854.0,8854.0,1,True,,,B0HFSKD5NT,CE2556518CRTLWF,With Doorstep Fitment - CEAT 255/65 R18 CrossDrive HT 111H TUBELESS TYRE Car Tyre,CEAT,Tyre - 4W,8854,True,False,https://www.amazon.in/dp/B0HFSKD5NT?th=1,Fitment/Installation,CE2556518CRTL,
ok,10603.0,10603.0,1,True,,,B0CZNXSTHZ,CE2556518CVTL,CEAT CrossDrive AT 255/65 R18 111 Tubeless Car Tyre,CEAT,Tyre - 4W,10603,False,False,https://www.amazon.in/dp/B0CZNXSTHZ?th=1,Only Delivery,CE2556518CVTL,
ok,14000.0,14000.0,3,False,3400.0,,B0F28WTVGP,CE2656018CDTL,CEAT 265/60 R18 CrossDrive AT 110T TUBELESS TYRE | Car Tyre for Front and Rear,CEAT,Tyre - 4W,17400,False,False,https://www.amazon.in/dp/B0F28WTVGP?th=1,Latched On,CE2656018CDTL,
ok,1952.0,1952.0,1,True,,,B0F4R8FTL4,CE27518GRIXTT,CEAT 2.75-18 GRIPP X5 48P TUBE-TYPE TYRE | Rear | Car Tyre for Front and Rear,CEAT,Tyre - 2W,1952,False,False,https://www.amazon.in/dp/B0F4R8FTL4?th=1,Only Delivery,CE27518GRIXTT,https://www.flipkart.com/product/p/itme?pid=TWTHNEYFNHXW4JRZ
ok,2302.0,2302.0,1,True,,,B0H1MKPL6W,CE27518GRIXTTWF,With Doorstep Fitment - CEAT 2.75-18 GRIPP X5 48P TUBE-TYPE TYRE | Rear | Car Tyre for Front and Rear,CEAT,Tyre - 2W,2302,True,False,https://www.amazon.in/dp/B0H1MKPL6W?th=1,Fitment/Installation,CE27518GRIXTT,https://www.flipkart.com/product/p/itme?pid=TWTHFHUAR5YGCGQG
ok,1859.0,1859.0,3,True,,0.0,B0F4RC2L5N,CE27518MILXTT,CEAT 2.75-18 MILAZE X5 48P TUBE-TYPE TYRE | Rear | Car Tyre for Front and Rear,CEAT,Tyre - 4W,1859,False,False,https://www.amazon.in/dp/B0F4RC2L5N?th=1,Latched On,CE27518MILXTT,
ok,24499.0,24499.0,1,True,,,B0GN33GSLK,CE2754520STTL,CEAT 275/45 R20 SPORTDRIVE SUV CALM 110Y XL TUBELESS TYRE,CEAT,Tyre - 4W,24499,False,False,https://www.amazon.in/dp/B0GN33GSLK?th=1,Only Delivery,CE2754520STTL,https://www.flipkart.com/product/p/itme?pid=VTEHKARMSHYS6JY7
ok,24499.0,24499.0,2,False,300.0,,B0GN2MVLK6,CE2754520STTLWF,CEAT (With Fitment) 275/45 R20 SPORTDRIVE SUV CALM 110Y XL TUBELESS TYRE,CEAT,Tyre - 4W,24799,True,False,https://www.amazon.in/dp/B0GN2MVLK6?th=1,Fitment/Installation,CE2754520STTL,https://www.flipkart.com/product/p/itme?pid=VTEHEYZQWUHHXY8N
ok,31749.0,31749.0,1,True,,,B0GN2R3L2X,CE2754521STTL,CEAT 275/45 ZR21 SPORTDRIVE SUV CALM 110Y XL TUBELESS TYRE,CEAT,Tyre - 4W,31749,False,False,https://www.amazon.in/dp/B0GN2R3L2X?th=1,Only Delivery,CE2754521STTL,https://www.flipkart.com/product/p/itme?pid=VTEHKARMNDJJXF5Y
ok,25500.0,25500.0,2,False,6549.0,,B0GN2QYL1X,CE2754521STTLWF,CEAT (With Fitment) 275/45 ZR21 SPORTDRIVE SUV CALM 110Y XL TUBELESS TYRE,CEAT,Tyre - 4W,32049,True,False,https://www.amazon.in/dp/B0GN2QYL1X?th=1,Fitment/Installation,CE2754521STTL,https://www.flipkart.com/product/p/itme?pid=VTEHEF76UE8YGMYA
ok,1888.0,1888.0,2,True,,111.0,B0F4R6BWLG,CE275517FSZTT,CEAT 2.75-17 SECURA ZOOM F 41P TUBE-TYPE TYRE | Front | Car Tyre for Front and Rear,CEAT,Tyre - 2W,1888,False,False,https://www.amazon.in/dp/B0F4R6BWLG?th=1,Latched On,CE275517FSZTT,
ok,1836.0,1836.0,2,True,,63.0,B0F4RGKNYN,CE275517SURTT,CEAT 2.75-17 SECURA F85 41P TUBE-TYPE TYRE | Front | Car Tyre for Front and Rear,CEAT,Tyre - 4W,1836,False,False,https://www.amazon.in/dp/B0F4RGKNYN?th=1,Latched On,CE275517SURTT,
ok,2186.0,2186.0,1,True,,,B0H1MM88Y4,CE275517SURTTWF,With Doorstep Fitment - CEAT 2.75-17 SECURA F85 41P TUBE-TYPE TYRE | Front | Car Tyre for Front and Rear,CEAT,Tyre - 4W,2186,True,False,https://www.amazon.in/dp/B0H1MM88Y4?th=1,Fitment/Installation,CE275517SURTT,https://www.flipkart.com/product/p/itme?pid=TWTHFHUAAHXA2RFB
ok,1510.0,1711.0,10,False,389.0,,B01FTSG808,CE275518FRATT,"Ceat F85 2.75 - 18 42P Tube-Type Bike Tyre, Front (100226 )",CEAT,Tyre - 2W,1899,False,False,https://www.amazon.in/dp/B01FTSG808?th=1,Latched On,CE275518FRATT,
ok,2249.0,2249.0,1,True,,,B0H1MM833B,CE275518FRATTWF,With Doorstep Fitment - Ceat 2.75-18 Secura F85 42P Tube-Type | Front Tyre with Add on Home Installation CE275518FRATT-HF,CEAT,Tyre - 4W,2249,True,False,https://www.amazon.in/dp/B0H1MM833B?th=1,Fitment/Installation,CE275518FRATT,https://www.flipkart.com/product/p/itme?pid=TWTHFHUAHJHWPXME
ok,1899.0,1890.0,5,True,,0.0,B0F4R6GP8Z,CE275518ONZTT,CEAT 2.75-18 SECURA ZOOM F 42P TUBE-TYPE TYRE | Front | Car Tyre for Front and Rear,CEAT,Tyre - 2W,1899,False,False,https://www.amazon.in/dp/B0F4R6GP8Z?th=1,Latched On,CE275518ONZTT,
ok,1752.0,1752.0,1,True,,,B0F4R7BWTK,CE275518URATL,CEAT 2.75-18 SECURA F85 42P TUBELESS TYRE | Front | Car Tyre for Front and Rear,CEAT,Tyre - 4W,1752,False,False,https://www.amazon.in/dp/B0F4R7BWTK?th=1,Only Delivery,CE275518URATL,https://www.flipkart.com/product/p/itme?pid=TWTHNDZGACZTDPE6
ok,2102.0,2102.0,1,True,,,B0H1MLK2ZS,CE275518URATLWF,With Doorstep Fitment - CEAT 2.75-18 SECURA F85 42P TUBELESS TYRE | Front | Car Tyre for Front and Rear,CEAT,Tyre - 4W,2102,True,False,https://www.amazon.in/dp/B0H1MLK2ZS?th=1,Fitment/Installation,CE275518URATL,https://www.flipkart.com/product/p/itme?pid=TWTHFHUADRGXF2AQ
ok,1973.0,1973.0,1,True,,,B0F4RBGKC2,CE275518ZPFTT,Ceat Secura Zoom plus 2.75 18 front 48P Tube Type | Car Tyre for Front and Rear,CEAT,Tyre - 2W,1973,False,False,https://www.amazon.in/dp/B0F4RBGKC2?th=1,Only Delivery,CE275518ZPFTT,https://www.flipkart.com/product/p/itme?pid=TWTHNEY9KUGKTFGY
ok,2323.0,2323.0,1,True,,,B0H1MSJWHN,CE275518ZPFTTWF,With Doorstep Fitment - Ceat Secura Zoom plus 2.75 18 front 48P Tube Type | Car Tyre for Front and Rear,CEAT,Tyre - 2W,2323,True,False,https://www.amazon.in/dp/B0H1MSJWHN?th=1,Fitment/Installation,CE275518ZPFTT,https://www.flipkart.com/product/p/itme?pid=TWTHFHUAHENCFHSN
ok,36999.0,36999.0,1,True,,,B0GN2YKD2M,CE2854521STTL,CEAT 285/45 ZR21 SPORTDRIVE SUV CALM 113Y XL TUBELESS TYRE,CEAT,Tyre - 4W,36999,False,False,https://www.amazon.in/dp/B0GN2YKD2M?th=1,Only Delivery,CE2854521STTL,https://www.flipkart.com/product/p/itme?pid=VTEHKARMJ7E3JAUQ
ok,37299.0,37299.0,1,True,,,B0GN2XLL55,CE2854521STTLWF,CEAT (With Fitment) 285/45 ZR21 SPORTDRIVE SUV CALM 113Y XL TUBELESS TYRE,CEAT,Tyre - 4W,37299,True,False,https://www.amazon.in/dp/B0GN2XLL55?th=1,Fitment/Installation,CE2854521STTL,https://www.flipkart.com/product/p/itme?pid=VTEHEYZQDYRHCW56
ok,1500.0,1500.0,2,True,,99.0,B0HC7NZHBP,CE30010SECNTTOD,CEAT 3.00-10 SECURA NEO 42J TUBE-TYPE TYRE | Front/Rear,CEAT,Tyre - 4W,1500,False,False,https://www.amazon.in/dp/B0HC7NZHBP?th=1,Latched On,CE30010SECNTT,
ok,2056.0,2056.0,2,True,,243.0,B0F4RDKBVF,CE30017GRIXTT,CEAT 3.00-17 GRIPP X5 50P TUBE-TYPE TYRE | Rear | Car Tyre for Front and Rear,CEAT,Tyre - 2W,2056,False,False,https://www.amazon.in/dp/B0F4RDKBVF?th=1,Latched On,CE30017GRIXTT,
ok,2386.0,2386.0,1,True,,,B0H1MKGR7V,CE30017GRIXTTWF,With Doorstep Fitment - CEAT 3.00-17 GRIPP X5 50P TUBE-TYPE TYRE | Rear | Car Tyre for Front and Rear,CEAT,Tyre - 2W,2386,True,False,https://www.amazon.in/dp/B0H1MKGR7V?th=1,Fitment/Installation,CE30017GRIXTT,https://www.flipkart.com/product/p/itme?pid=TWTHFHUAVRHFHFCQ
ok,2098.0,3163.95,4,True,,399.0,B0F4RB6BXX,CE30018GRXTT,CEAT 3.00-18 GRIPP X5 52P TUBE-TYPE TYRE | Rear | Car Tyre for Front and Rear,CEAT,Tyre - 2W,2098,False,False,https://www.amazon.in/dp/B0F4RB6BXX?th=1,Latched On,CE30018GRXTT,
ok,2428.0,2428.0,1,True,,,B0H1MRY3NW,CE30018GRXTTWF,With Doorstep Fitment - CEAT 3.00-18 GRIPP X5 52P TUBE-TYPE TYRE | Rear | Car Tyre for Front and Rear,CEAT,Tyre - 2W,2428,True,False,https://www.amazon.in/dp/B0H1MRY3NW?th=1,Fitment/Installation,CE30018GRXTT,https://www.flipkart.com/product/p/itme?pid=TWTHFHUAF8HRHYYJ
ok,2354.0,2354.0,1,True,,,B0H1M7Q8S2,CE30018MILXTTWF,With Doorstep Fitment - CEAT 3.00-18 MILAZE X5 52P TUBE-TYPE TYRE | Rear | Car Tyre for Front and Rear,CEAT,Tyre - 4W,2354,True,False,https://www.amazon.in/dp/B0H1M7Q8S2?th=1,Fitment/Installation,CE30018MILXTT,https://www.flipkart.com/product/p/itme?pid=TWTHFHUAHJKQ2Y7S
ok,34549.0,34549.0,1,True,,,B0GN2TF488,CE3154021STTL,CEAT 315/40 ZR21 SPORTDRIVE SUV CALM 115Y XL TUBELESS TYRE,CEAT,Tyre - 4W,34549,False,False,https://www.amazon.in/dp/B0GN2TF488?th=1,Only Delivery,CE3154021STTL,https://www.flipkart.com/product/p/itme?pid=VTEHKARMCGJQQQHG
ok,34849.0,34849.0,1,True,,,B0GN2STJ6G,CE3154021STTLWF,CEAT (With Fitment) 315/40 ZR21 SPORTDRIVE SUV CALM 115Y XL TUBELESS TYRE,CEAT,Tyre - 4W,34849,True,False,https://www.amazon.in/dp/B0GN2STJ6G?th=1,Fitment/Installation,CE3154021STTL,https://www.flipkart.com/product/p/itme?pid=VTEHEF769KGJ36FC
ok,1437.0,1437.0,1,True,,,B0HC7G9VV7,CE35010MAEXTLOD,CEAT 3.50-10 MILAZE X5 51J TUBELESS TYRE | Front/Rear,CEAT,Tyre - 4W,1437,False,False,https://www.amazon.in/dp/B0HC7G9VV7?th=1,Only Delivery,CE35010MAEXTL,https://www.flipkart.com/product/p/itme?pid=TWTHNDZV6EHJNCGM
ok,1868.0,1868.0,1,True,,,B0HC7MFQVJ,CE8010017Z3TLOD,CEAT 80/100-17 ZOOM X3 F 46P TUBELESS TYRE | Front,CEAT,Tyre - 2W,1868,False,False,https://www.amazon.in/dp/B0HC7MFQVJ?th=1,Only Delivery,CE8010017Z3TL,https://www.flipkart.com/product/p/itme?pid=TWTHNEY4GFCREPK6
ok,2099.0,2099.0,1,True,,,B0HFRNCSZ3,CE8010018GRTL,CEAT 80/100-18 GRIPP X5 54P TUBELESS TYRE | Rear Bike Tyre,CEAT,Tyre - 2W,2099,False,False,https://www.amazon.in/dp/B0HFRNCSZ3?th=1,Only Delivery,CE8010018GRTL,
ok,2449.0,2449.0,1,True,,,B0H1MM8R7H,CE8010018GRTLWF,with Doorstep Fitment - CEAT 80/100-18 GRIPP X5 54P TUBELESS TYRE | Rear Bike Tyre,CEAT,Tyre - 2W,2449,True,False,https://www.amazon.in/dp/B0H1MM8R7H?th=1,Fitment/Installation,CE8010018GRTL,
ok,1500.0,1500.0,2,True,,399.0,B0HFRT9NWS,CE9010010ERTL,CEAT 90/100-10 ENERGY RIDE EV 53J TUBELESS TYRE | Front/Rear Bike Tyre,CEAT,Tyre - 2W,1500,False,False,https://www.amazon.in/dp/B0HFRT9NWS?th=1,Latched On,CE9010010ERTL,
ok,1532.0,1532.0,2,True,,367.0,B0HC7FJV3F,CE9010010GPTLOD,CEAT 90/100-10 GRIPP X5 53J TUBELESS TYRE | Rear,CEAT,Tyre - 2W,1532,False,False,https://www.amazon.in/dp/B0HC7FJV3F?th=1,Latched On,CE9010010GPTL,
ok,1275.0,1278.0,19,False,74.0,,B01FTSFW50,CE9010010MXTLODLON,"Ceat Milaze X5 90/100-10 53J Tubeless Scooter Tyre,Front or Rear",CEAT,Tyre - 2W,1349,False,False,https://www.amazon.in/dp/B01FTSFW50?th=1,Latched On,CE9010010MXTL,
ok,1542.0,1542.0,1,True,,,B0HC76ZBFM,CE9010010MXTTOD,CEAT 90/100-10 MILAZE X5 53J TUBE-TYPE TYRE | Rear,CEAT,Tyre - 4W,1542,False,False,https://www.amazon.in/dp/B0HC76ZBFM?th=1,Only Delivery,CE9010010MXTT,https://www.flipkart.com/product/p/itme?pid=TWTHNDZGVFPR77RH
ok,1532.0,1532.0,4,True,,66.0,B0F28WNNHF,CE909012MXTLODLON,CEAT 90/90-12 MILAZE X5 54J TUBELESS TYRE | Rear | Car Tyre for Front and Rear,CEAT,Tyre - 4W,1532,False,False,https://www.amazon.in/dp/B0F28WNNHF?th=1,Latched On,CE909012MXTL,
ok,1882.0,1882.0,1,True,,,B0H1MR8SGS,CE909012MXTLWF,With Doorstep Fitment - CEAT 90/90-12 MILAZE X5 54J TUBELESS TYRE | Rear Bike Tyre,CEAT,Tyre - 2W,1882,True,False,https://www.amazon.in/dp/B0H1MR8SGS?th=1,Fitment/Installation,CE909012MXTL,https://www.flipkart.com/product/p/itme?pid=TWTHFHUASUFHRQCM
ok,1510.0,1510.0,1,True,,,B0F28XHL6S,CE909012ZOMTL,CEAT 90/90-12 ZOOM HI 54J TL | Front/Rear Tyre | Car Tyre for Front and Rear,CEAT,Tyre - 2W,1510,False,False,https://www.amazon.in/dp/B0F28XHL6S?th=1,Only Delivery,CE909012ZOMTL,
ok,1840.0,1840.0,1,True,,,B0H1MPG9DV,CE909012ZOMTLWF,With Doorstep Fitment - CEAT 90/90-12 ZOOM HI 54J TL | Front/Rear Tyre | Car Tyre for Front and Rear,CEAT,Tyre - 2W,1840,True,False,https://www.amazon.in/dp/B0H1MPG9DV?th=1,Fitment/Installation,CE909012ZOMTL,
ok,2402.0,3384.44,4,True,,397.0,B082SWFTLY,CE909019GXTL,CEAT GRIPP XL 90/90-19 GRIPP XL F TL 52P Tubeless Bike Tyre,CEAT,Tyre - 2W,2402,False,False,https://www.amazon.in/dp/B082SWFTLY?th=1,Latched On,CE909019GXTL,
ok,2382.0,2382.0,1,True,,,B09NQGFHDN,CE909019RXTL,CEAT 90/90-19 GRIPP XL F 52P TUBELESS TYRE | Front Bike Tyre,CEAT,Tyre - 2W,2382,False,False,https://www.amazon.in/dp/B09NQGFHDN?th=1,Only Delivery,CE909019RXTL,
ok,2592.0,2592.0,1,True,,,B0B3J1RR9K,CE909019RXTT,CEAT 90/90 R19 rear Gripp XL 52P Tube Type,CEAT,Tyre - 2W,2592,False,False,https://www.amazon.in/dp/B0B3J1RR9K?th=1,Only Delivery,CE909019RXTT,
ok,3092.0,3092.0,1,True,,,B0H1MMBLMK,CE909019RXTTWF,with Doorstep Fitment - CEAT 90/90-19 GRIPP XL F 52P Tube-Type TYRE | Front Bike Tyre,CEAT,Tyre - 2W,3092,True,False,https://www.amazon.in/dp/B0H1MMBLMK?th=1,Fitment/Installation,CE909019RXTT,
ok,2570.0,2570.0,2,True,,129.0,B0F28XBY1D,CE909019ZOMTT,CEAT 90/90-19 ZOOM PLUS F 52P TUBE-TYPE TYRE | Front | Car Tyre for Front and Rear,CEAT,Tyre - 2W,2570,False,False,https://www.amazon.in/dp/B0F28XBY1D?th=1,Latched On,CE909019ZOMTT,
ok,2571.0,2571.0,1,True,,,B0HC7HLRVH,CE909021GPFTTOD,CEAT 90/90-21 GRIPP F 54H TUBE-TYPE TYRE | Front,CEAT,Tyre - 2W,2571,False,False,https://www.amazon.in/dp/B0HC7HLRVH?th=1,Only Delivery,CE909021GPFTT,https://www.flipkart.com/product/p/itme?pid=TWTHNE4GUDM5PUFJ
ok,2818.0,2818.0,1,True,,,B0HC7D6HMS,CEA1208018XTLOD,CEAT 120/80-18 GRIPP XL 62P TUBELESS TYRE | Rear,CEAT,Tyre - 2W,2818,False,False,https://www.amazon.in/dp/B0HC7D6HMS?th=1,Only Delivery,CEA1208018XTL,https://www.flipkart.com/product/p/itme?pid=TWTHNMNRZQMZ2K9G
ok,2843.0,2480.0,4,True,,0.0,B082SWHGZ4,CEA1208018XTL_DEL,CEAT GRIPP XL 120/80-18 GRIPP XL TL 62P Tubeless Bike Tyre,CEAT,Tyre - 2W,2843,False,False,https://www.amazon.in/dp/B082SWHGZ4?th=1,Latched On,CEA1208018XTL_DEL,
ok,3323.0,3323.0,1,True,,,B0H1MM9MRF,CEA1208018XTL_DELWF,"With Doorstep Fitment - CEAT 120/80-18 GRIPP XL 62P TUBELESS TYRE | REAR 120/80-18 Rear Two Wheeler Tyre (Street, Tube Less)",CEAT,Tyre - 2W,3323,True,False,https://www.amazon.in/dp/B0H1MM9MRF?th=1,Fitment/Installation,CEA1208018XTL_DEL,
ok,4991.0,4991.0,1,True,,,B0CJRRML7V,CO1656514CCTLODLON,Continental Tyre 165/65R14 COMFORTCONTACT CC6 79T TL,Continental,Tyre - 4W,4991,False,False,https://www.amazon.in/dp/B0CJRRML7V?th=1,Only Delivery,CO1656514CCTL,
ok,3950.0,6328.95,7,False,244.0,,B0CJRR7LYJ,CO1657014C6TLODLON,Continental Tyre 165/70R14 COMFORTCONTACT CC6 81T TL,Continental,Tyre - 4W,4194,False,False,https://www.amazon.in/dp/B0CJRR7LYJ?th=1,Latched On,CO1657014C6TL,
ok,4420.0,4949.0,9,False,197.0,,B0CJRPX8CY,CO1658014CC6TLODLON,Continental Tyre 165/80R14 UltraContact UC6 85H TL,Continental,Tyre - 4W,4617,False,False,https://www.amazon.in/dp/B0CJRPX8CY?th=1,Latched On,CO1658014CC6TL,
ok,6030.0,6239.0,7,True,,2.0,B0CJRR67PK,CO1756515UCTLODLON,Continental Tyre 175/65R15 ULTRACONTACT UC6 84H TL,Continental,Tyre - 4W,6028,False,False,https://www.amazon.in/dp/B0CJRR67PK?th=1,Latched On,CO1756515UCTL,
ok,5968.0,5968.0,3,True,,50.0,B0CJRQGKMS,CO1757014UCTLODLON,Continental Tyre 175/70R14 ULTRACONTACT UC6 84H TL,Continental,Tyre - 4W,5968,False,False,https://www.amazon.in/dp/B0CJRQGKMS?th=1,Latched On,CO1757014UCTL,
ok,6114.0,6114.0,2,True,,0.0,B0CJRPKRT3,CO1856015C6TLODLON,Continental Tyre 185/60R15 Comfort Contact CC6 84T TL,Continental,Tyre - 4W,6114,False,False,https://www.amazon.in/dp/B0CJRPKRT3?th=1,Latched On,CO1856015C6TL,
ok,7650.0,8860.95,11,False,569.0,,B08W3BXC9Y,CO1955516UCTL,Continental ContiUltraContact UC6 195/55% R16 87V Tubeless Car Tyre,Continental,Tyre - 4W,8219,False,False,https://www.amazon.in/dp/B08W3BXC9Y?th=1,Latched On,CO1955516UCTL,
ok,9125.0,10548.95,5,True,,1.0,B08WLNRYZL,CO2055516UCTL,Continental ContiUltraContact UC6 205/55 R16 91V Tubeless Car Tyre,Continental,Tyre - 4W,9124,False,False,https://www.amazon.in/dp/B08WLNRYZL?th=1,Latched On,CO2055516UCTL,
ok,7625.0,7955.0,3,True,,330.0,B0CJRR5W2R,CO2057015CTTLODLON,Continental Tyre 205/70R15 Conti4x4Contact 4x4C 96T TL,Continental,Tyre - 4W,7625,False,False,https://www.amazon.in/dp/B0CJRR5W2R?th=1,Latched On,CO2057015CTTL,
ok,11150.0,12173.0,3,False,351.0,,B0CJRQQGR5,CO2155517UCTLODLON,Continental Tyre 215/55R17 ULTRACONTACT UC6 94V TL,Continental,Tyre - 4W,11501,False,False,https://www.amazon.in/dp/B0CJRQQGR5?th=1,Latched On,CO2155517UCTL,
ok,12513.0,12513.0,3,True,,1387.0,B0CJRRZR3F,CO2155518UCTLODLON,Continental Tyre 215/55R18 ULTRACONTACT UC6 95H TL,Continental,Tyre - 4W,12513,False,False,https://www.amazon.in/dp/B0CJRRZR3F?th=1,Latched On,CO2155518UCTL,
ok,8504.0,10548.95,3,True,,2044.95,B08LTJVHN7,CO2156016UCTL,Continental ContiUltraContact UC6 215/60 R16 Tubeless Car Tyre,Continental,Tyre - 4W,8504,False,False,https://www.amazon.in/dp/B08LTJVHN7?th=1,Latched On,CO2156016UCTL,
ok,7990.0,10548.95,8,False,394.0,,B08W3CTYLW,CO2156016UCTLODLON,Continental ContiUltraContact UC6 215/60 R16 95V Tubeless Car Tyre,Continental,Tyre - 4W,8384,False,False,https://www.amazon.in/dp/B08W3CTYLW?th=1,Latched On,CO2156016UCTL,
ok,10089.0,10089.0,4,False,50.0,,B0CJRRSVQ2,CO2156017UC6TLODLON,Continental Tyre 215/60R17 UltraContact UC6 96H TL,Continental,Tyre - 4W,10139,False,False,https://www.amazon.in/dp/B0CJRRSVQ2?th=1,Latched On,CO2156017UC6TL,
ok,10889.0,10889.0,5,False,448.0,,B0CJRRXR57,CO2255517UC6TLODLON,Continental Tyre 225/55R17 ULTRACONTACT XL UC6 101W TL,Continental,Tyre - 4W,11337,False,False,https://www.amazon.in/dp/B0CJRRXR57?th=1,Latched On,CO2255517UC6TL,
ok,3533.0,3533.0,1,True,,,B0F6NFQ6JG,GO0091334G,GOODYEAR 145/70 R13 GPS2 71T TUBELESS TYRE | Car Tyre for Front and Rear,Goodyear,Tyre - 4W,3533,False,False,https://www.amazon.in/dp/B0F6NFQ6JG?th=1,Only Delivery,GO0091334G,https://www.flipkart.com/product/p/itme?pid=VTEHNBEPASPU22BX
ok,3727.0,3960.0,5,False,120.0,,B08637RTWX,GO1557013ADTLODLON,Goodyear Assurance Duraplus 2 155/70R13 75T Tubeless Car Tyre,Goodyear,Tyre - 4W,3847,False,False,https://www.amazon.in/dp/B08637RTWX?th=1,Latched On,GO1557013ADTL,https://www.flipkart.com/product/p/itme?pid=VTEHPCZHEZFR6EBG
ok,2944.0,3163.95,3,True,,55.0,B01IF779OE,GY1457012DOTL,Goodyear Ducaro Hi-Miler 145/70 R12 69T Tubeless Car Tyre (GY026 ),Goodyear,Tyre - 4W,2944,False,False,https://www.amazon.in/dp/B01IF779OE?th=1,Latched On,GY1457012DOTL,
ok,3619.0,3619.0,2,True,,81.0,B089GY3273,GY1457013ANTL_DEL,Goodyear Assurance Duraplus-2 145/70 R13 71T Tubeless Car Tyre,Goodyear,Tyre - 4W,3619,False,False,https://www.amazon.in/dp/B089GY3273?th=1,Latched On,GY1457013ANTL_DEL,
ok,3770.0,3770.0,2,True,,50.0,B0F6NF9M35,GY1556513ASTL,GOODYEAR 155/65 R13 ASSURANCE DURAPLUS 2 73T TUBELESS TYRE | Car Tyre for Front and Rear,Goodyear,Tyre - 4W,3770,False,False,https://www.amazon.in/dp/B0F6NF9M35?th=1,Latched On,GY1556513ASTL,https://www.flipkart.com/product/p/itme?pid=VTEHPCRHFGVSQ4MZ
ok,3894.0,3894.0,1,True,,,B0F6NCVLD2,GY1556514CATL,GOODYEAR 155/65 R14 ASSURANCE DURAPLUS 2 75T TUBELESS TYRE | Car Tyre for Front and Rear,Goodyear,Tyre - 4W,3894,False,False,https://www.amazon.in/dp/B0F6NCVLD2?th=1,Only Delivery,GY1556514CATL,https://www.flipkart.com/product/p/itme?pid=VTEHNBEPCMHEPZCH
ok,3894.0,3894.0,2,True,,0.0,B0F6NFLLNP,GY1558013APTL,GOODYEAR 155/80 R13 ASSURANCE DURAPLUS 2 79T TUBELESS TYRE | Car Tyre for Front and Rear,Goodyear,Tyre - 4W,3894,False,False,https://www.amazon.in/dp/B0F6NFLLNP?th=1,Latched On,GY1558013APTL,https://www.flipkart.com/product/p/itme?pid=VTEHPCZ2QFZSWEYF
ok,3738.0,4155.65,8,False,156.0,,B0BB2LSXVZ,GY1558013APTLODLON,Goodyear 155/80 R13 Assurance Duraplus 2 79T Tubeless Car Tyre,Goodyear,Tyre - 4W,3894,False,False,https://www.amazon.in/dp/B0BB2LSXVZ?th=1,Latched On,GY1558013APTL,https://www.flipkart.com/product/p/itme?pid=VTEHPCZ2QFZSWEYF
ok,4796.0,4796.0,1,True,,,B0F6ND8DWT,GY1656514DDTL,GOODYEAR 165/65 R14 DP SERIES 79H TUBELESS TYRE | Car Tyre for Front and Rear,Goodyear,Tyre - 4W,4796,False,False,https://www.amazon.in/dp/B0F6ND8DWT?th=1,Only Delivery,GY1656514DDTL,https://www.flipkart.com/product/p/itme?pid=VTEHNBEPHHMX5KQQ
ok,4949.0,4949.0,3,True,,0.0,B0F6ND71YL,GY1756015XATL,GOODYEAR 175/60 R15 ASSURANCE TRIPLEMAX 81T TUBELESS TYRE | Car Tyre for Front and Rear,Goodyear,Tyre - 4W,4949,False,True,https://www.amazon.in/dp/B0F6ND71YL?th=1,Latched On,GY1756015XATL,
ok,4949.0,5326.7,7,True,,92.0,B0BB29F116,GY1756015XATLODLON1,Goodyear 175/60 R15 ASSURANCE TRIPLEMAX 81T Tubeless Car Tyre,Goodyear,Tyre - 4W,4949,False,False,https://www.amazon.in/dp/B0BB29F116?th=1,Latched On,GY1756015XATLODLON1,
ok,4595.0,4957.45,8,False,373.0,,B07HJBFMYD,GY1756514SRTL_DEL,Goodyear Assurance Triplemax 2 175/65% R14 82H Tubeless Car Tyre,Goodyear,Tyre - 4W,4968,False,False,https://www.amazon.in/dp/B07HJBFMYD?th=1,Latched On,GY1756514SRTL_DEL,
ok,5249.0,5249.0,1,True,,,B0F6NDT97Q,GY1756515AMTL,GOODYEAR 175/65 R15 ASSURANCE MAXGUARD 84H TUBELESS TYRE | Car Tyre for Front and Rear,Goodyear,Tyre - 4W,5249,False,False,https://www.amazon.in/dp/B0F6NDT97Q?th=1,Only Delivery,GY1756515AMTL,https://www.flipkart.com/product/p/itme?pid=VTEHNBEPXHWFXFF4
ok,5247.0,6701.0,5,True,,453.0,B0CJRQD6YM,GY1756515AMTLODLON,Goodyear Tyre 175/65R15 ASSURANCE MAXGUARD FP 84H TL,Goodyear,Tyre - 4W,5247,False,False,https://www.amazon.in/dp/B0CJRQD6YM?th=1,Latched On,GY1756515AMTL,https://www.flipkart.com/product/p/itme?pid=VTEHP8GCN6E6VP82
ok,5133.0,5133.0,2,False,110.0,,B0F6NC2GHY,GY1756515XATL,GOODYEAR 175/65 R15 ASSURANCE TRIPLEMAX 2 84T TUBELESS TYRE | Car Tyre for Front and Rear,Goodyear,Tyre - 4W,5243,False,False,https://www.amazon.in/dp/B0F6NC2GHY?th=1,Latched On,GY1756515XATL,https://www.flipkart.com/product/p/itme?pid=VTEG9UMFAQE8XB2T
ok,5115.7,5115.7,6,False,127.3,,B07JJ5J1K4,GY1756515XATL-1,Goodyear 175/65 R15 ASSURANCE TRIPLEMAX 2 - ?Tubeless,Goodyear,Tyre - 4W,5243,False,False,https://www.amazon.in/dp/B07JJ5J1K4?th=1,Latched On,GY1756515XATL-1,
ok,5424.0,5424.0,2,True,,0.0,B0F6NC5W1G,GY1757014DSTL,GOODYEAR 175/70 R14 DURAPLUS 84T TUBELESS TYRE | Car Tyre for Front and Rear,Goodyear,Tyre - 4W,5424,False,False,https://www.amazon.in/dp/B0F6NC5W1G?th=1,Latched On,GY1757014DSTL,
ok,5471.0,5471.0,1,True,,,B0F6NCNSSB,GY1757014PSTLODLON,GOODYEAR 175/70 R14 ASSURANCE TRIPLEMAX 2 84H TUBELESS TYRE | Car Tyre for Front and Rear,Goodyear,Tyre - 4W,5471,False,False,https://www.amazon.in/dp/B0F6NCNSSB?th=1,Only Delivery,GY1757014PSTL,
ok,6448.0,6448.0,4,True,,0.0,B07YDW8GYF,GY1855516ATTL,Goodyear ASSURANCE TRIPLEMAX2 185/55 R16 87H Tubeless Car Tyre,Goodyear,Tyre - 4W,6448,False,False,https://www.amazon.in/dp/B07YDW8GYF?th=1,Latched On,GY1855516ATTL,
ok,5386.0,8438.95,4,True,,13.0,B0F6NG58KL,GY1856015AMTL,GOODYEAR 185/60 R15 ASSURANCE MAXGUARD 84H TUBELESS TYRE | Car Tyre for Front and Rear,Goodyear,Tyre - 4W,5386,False,True,https://www.amazon.in/dp/B0F6NG58KL?th=1,Latched On,GY1856015AMTL,
ok,5506.0,5506.0,1,True,,,B0CJRSJ6YY,GY1856015AMTLODLON,Goodyear Tyre 185/60R15 ASSURANCE MAXGUARD 84H TL,Goodyear,Tyre - 4W,5506,False,False,https://www.amazon.in/dp/B0CJRSJ6YY?th=1,Only Delivery,GY1856015AMTL,https://www.flipkart.com/product/p/itme?pid=VTEHNBEPBZYJNBQC
ok,6689.0,8438.95,2,True,,1749.95,B0F6NFKSV4,GY1856016AETL,GOODYEAR 185/60 R16 ASSURANCE TRIPLEMAX 2 86H TUBELESS TYRE | Car Tyre for Front and Rear,Goodyear,Tyre - 4W,6689,False,False,https://www.amazon.in/dp/B0F6NFKSV4?th=1,Latched On,GY1856016AETL,
ok,5092.0,7383.95,3,False,18.0,,B07HJB14ST,GY1856514AXTL,Goodyear Assurance Triplemax 2 185/65 R14 86H Tubeless Car Tyre,Goodyear,Tyre - 4W,5110,False,False,https://www.amazon.in/dp/B07HJB14ST?th=1,Latched On,GY1856514AXTL,
ok,5584.0,5695.95,6,False,138.0,,B0F6NDTZ78,GY1856515AMTL,GOODYEAR 185/65 R15 ASSURANCE MAXGUARD 92H TUBELESS TYRE | Car Tyre for Front and Rear,Goodyear,Tyre - 4W,5722,False,False,https://www.amazon.in/dp/B0F6NDTZ78?th=1,Latched On,GY1856515AMTL,https://www.flipkart.com/product/p/itme?pid=VTEHP8GBWZKHHMYS
ok,5267.0,5667.46,7,False,99.0,,B0F6NGBSJ6,GY1856515ATTL,GOODYEAR 185/65 R15 ASSURANCE TRIPLEMAX 2 88H TUBELESS TYRE | Car Tyre for Front and Rear,Goodyear,Tyre - 4W,5366,False,False,https://www.amazon.in/dp/B0F6NGBSJ6?th=1,Latched On,GY1856515ATTL,https://www.flipkart.com/product/p/itme?pid=VTEH7FFRCMGXFSH4
ok,5661.0,5661.0,2,True,,5.0,B0CFVTCG58,GY1856515ATTLODLON,Goodyear 185/65 R15 Assurance Triplemax 2 88H Tubeless Car Tyre with Add on Home Installation GY1856515ATTL-HF,Goodyear,Tyre - 4W,5661,True,False,https://www.amazon.in/dp/B0CFVTCG58?th=1,Fitment/Installation,GY1856515ATTL,https://www.flipkart.com/product/p/itme?pid=VTEHF7HY62AFSHGY
ok,5499.0,5499.0,2,False,153.0,,B0BB2HJND5,GY1856515DSTL,GOODYEAR 185/65 R15 DURAPLUS 88S TUBELESS TYRE | Car Tyre for Front and Rear,Goodyear,Tyre - 4W,5652,False,False,https://www.amazon.in/dp/B0BB2HJND5?th=1,Latched On,GY1856515DSTL,
ok,5291.0,5291.0,1,True,,,B0F6NF42RL,GY1857014ADTL,GOODYEAR 185/70 R14 ASSURANCE DURAPLUS 88H TUBELESS TYRE | Car Tyre for Front and Rear,Goodyear,Tyre - 4W,5291,False,False,https://www.amazon.in/dp/B0F6NF42RL?th=1,Only Delivery,GY1857014ADTL,https://www.flipkart.com/product/p/itme?pid=VTEHNBEQBKXGQG5Q
ok,5424.0,5424.0,1,True,,,B0F6NCJMZ7,GY1857014TSTL,GOODYEAR 185/70 R14 ASSURANCE TRIPLEMAX 88H TUBELESS TYRE | Car Tyre for Front and Rear,Goodyear,Tyre - 4W,5424,False,False,https://www.amazon.in/dp/B0F6NCJMZ7?th=1,Only Delivery,GY1857014TSTL,https://www.flipkart.com/product/p/itme?pid=VTEHNBEP8DWGVG5M
ok,6856.45,6856.45,7,False,107.55,,B0F6NDMWW5,GY1955516A2TL,GOODYEAR 195/55 R16 ASSURANCE TRIPLEMAX 2 87H TUBELESS TYRE | Car Tyre for Front and Rear,Goodyear,Tyre - 4W,6964,False,True,https://www.amazon.in/dp/B0F6NDMWW5?th=1,Latched On,GY1955516A2TL,https://www.flipkart.com/product/p/itme?pid=VTEG9UMFCQARYVZ7
ok,7180.0,7180.0,5,False,482.0,,B0CJRR1VTX,GY1955516AMTL,"Goodyear Tyre 195/55% R16 Assurance Maxguard Fp 87V Tl, 55, Tubeless",Goodyear,Tyre - 4W,7662,False,False,https://www.amazon.in/dp/B0CJRR1VTX?th=1,Latched On,GY1955516AMTL,https://www.flipkart.com/product/p/itme?pid=VTEHP8G2ZMW2J5CB
ok,6549.0,7911.45,7,False,1126.0,,B0F6NG3QWW,GY1956016A2TL,GOODYEAR 195/60 R16 ASSURANCE TRIPLEMAX 2 89H TUBELESS TYRE | Car Tyre for Front and Rear,Goodyear,Tyre - 4W,7675,False,False,https://www.amazon.in/dp/B0F6NG3QWW?th=1,Latched On,GY1956016A2TL,
ok,7172.95,7172.95,5,False,502.05,,B0CJRRPJDC,GY1956016A2TLODLON1,Goodyear Tyre 195/60R16 ASSURANCE TRIPLEMAX 2 89H TL,Goodyear,Tyre - 4W,7675,False,False,https://www.amazon.in/dp/B0CJRRPJDC?th=1,Latched On,GY1956016A2TLODLON1,
ok,6335.0,9493.95,3,True,,0.0,B0F6NC8RBY,GY1956515SXTL,GOODYEAR 195/65 R15 ASSURANCE TRIPLEMAX 2 91H TUBELESS TYRE | Car Tyre for Front and Rear,Goodyear,Tyre - 4W,6335,False,False,https://www.amazon.in/dp/B0F6NC8RBY?th=1,Latched On,GY1956515SXTL,
ok,8901.0,8901.0,1,True,,,B0F6NFBPCF,GY2055017ATTL,GOODYEAR 205/50 R17 ASSURANCE TRIPLEMAX 2 93W TUBELESS TYRE | Car Tyre for Front and Rear,Goodyear,Tyre - 4W,8901,False,False,https://www.amazon.in/dp/B0F6NFBPCF?th=1,Only Delivery,GY2055017ATTL,https://www.flipkart.com/product/p/itme?pid=VTEHNBEPDE3W6Y8W
ok,8720.0,8720.0,1,True,,,B0F6ND9LJ9,GY2055516STTL,GOODYEAR 205/55 R16 ASSURANCE TRIPLEMAX 2 91H TUBELESS TYRE | Car Tyre for Front and Rear,Goodyear,Tyre - 4W,8720,False,False,https://www.amazon.in/dp/B0F6ND9LJ9?th=1,Only Delivery,GY2055516STTL,https://www.flipkart.com/product/p/itme?pid=VTEHNBEPGXQBSHBA
ok,7324.0,7324.0,1,True,,,B0F6NFBMWD,GY2056016ATTL,GOODYEAR 205/60 R16 ASSURANCE TRIPLEMAX 2 92H TUBELESS TYRE | Car Tyre for Front and Rear,Goodyear,Tyre - 4W,7324,False,False,https://www.amazon.in/dp/B0F6NFBMWD?th=1,Only Delivery,GY2056016ATTL,https://www.flipkart.com/product/p/itme?pid=VTEHNBEPGBNYYUHZ
ok,7624.0,7624.0,1,True,,,B0CFVTDHNY,GY2056016ATTLODLON,Goodyear 205/60 R16 Assurance Triplemax 2 92H Tubeless Car Tyre with Add on Home Installation GY2056016ATTL-HF,Goodyear,Tyre - 4W,7624,True,False,https://www.amazon.in/dp/B0CFVTDHNY?th=1,Fitment/Installation,GY2056016ATTL,https://www.flipkart.com/product/p/itme?pid=VTEHF7UBAJMJHGUT
ok,6768.0,6768.0,2,False,100.0,,B0F6NDQ5D7,GY2056515DUTL,GOODYEAR 205/65 R15 ASSURANCE DURAPLUS 2 99H TUBELESS TYRE | Car Tyre for Front and Rear,Goodyear,Tyre - 4W,6868,False,False,https://www.amazon.in/dp/B0F6NDQ5D7?th=1,Latched On,GY2056515DUTL,
ok,6214.0,6645.45,4,True,,96.0,B01IF76RJ2,GY2056516A2TL,Goodyear Assurance TripleMax 205/65 R16 95H Tubeless Car Tyre (Home Delivery),Goodyear,Tyre - 4W,6214,False,False,https://www.amazon.in/dp/B01IF76RJ2?th=1,Latched On,GY2056516A2TL,
ok,6214.0,6214.0,9,True,,0.0,B0CJRPCZHX,GY2056516A2TLODLON,Goodyear Tyre 205/65R16 Assurance Triplemax 2 95H Tubeless,Goodyear,Tyre - 4W,6214,False,False,https://www.amazon.in/dp/B0CJRPCZHX?th=1,Latched On,GY2056516A2TL,
ok,11167.0,11167.0,1,True,,,B0F6NDVVYQ,GY2155517AMTL,GOODYEAR 215/55 R17 ASSURANCE TRIPLEMAX 2 94V TUBELESS TYRE | Car Tyre for Front and Rear,Goodyear,Tyre - 4W,11167,False,False,https://www.amazon.in/dp/B0F6NDVVYQ?th=1,Only Delivery,GY2155517AMTL,https://www.flipkart.com/product/p/itme?pid=VTEHNBEPJ8RHB3PA
ok,7450.0,7450.0,5,False,309.0,,B0CJRPS4DC,GY2156016AMTLODLON,,Unknown,Other,7759,False,False,https://www.amazon.in/dp/B0CJRPS4DC?th=1,Latched On,GY2156016AMTL,
ok,6950.0,8437.89,7,False,1181.0,,B0CMXVP5Z1,GY2156016ATTL,Goodyear Tyre 215/60% R16 Assurance Triplemax 2 95H Tl Tube,Goodyear,Tyre - 4W,8131,False,False,https://www.amazon.in/dp/B0CMXVP5Z1?th=1,Latched On,GY2156016ATTL,
ok,7229.0,8122.45,8,True,,0.0,B0CJRRXDDK,GY2156017ATTLODLON1,Goodyear Tyre 215/60R17 ASSURANCE TRIPLEMAX 2 96H TL,Goodyear,Tyre - 4W,7229,False,False,https://www.amazon.in/dp/B0CJRRXDDK?th=1,Latched On,GY2156017ATTLODLON1,
ok,8996.0,8996.0,1,True,,,B0F6NDFJ52,GY2156516WATL,GOODYEAR 215/65 R16 WRANGLER AT/ST 98H TUBELESS TYRE | Car Tyre for Front and Rear,Goodyear,Tyre - 4W,8996,False,True,https://www.amazon.in/dp/B0F6NDFJ52?th=1,Only Delivery,GY2156516WATL,https://www.flipkart.com/product/p/itme?pid=VTEHNBEP4RH39XKH
ok,7035.0,10548.95,2,True,,3513.95,B07YHZZFM9,GY2157515WRTL,Goodyear Wrangler AT SilentTrac 215/75% R15 100S Tubeless Car Tyre,Goodyear,Tyre - 4W,7035,False,False,https://www.amazon.in/dp/B07YHZZFM9?th=1,Latched On,GY2157515WRTL,
ok,6000.0,6645.45,9,False,146.0,,B08KDQ7CS1,GY2157515WTTL,,Unknown,Other,6146,False,False,https://www.amazon.in/dp/B08KDQ7CS1?th=1,Latched On,GY2157515WTTL,https://www.flipkart.com/product/p/itme?pid=VTEG9UMFDTJS6AXA
ok,6246.0,6246.0,2,True,,0.0,B0CCY3PWT2,GY2157515WTTLODLON,Goodyear Tyre 215/75R15 WRANGLER TRIPPLE MAX 100H TL,Goodyear,Tyre - 4W,6246,False,False,https://www.amazon.in/dp/B0CCY3PWT2?th=1,Latched On,GY2157515WTTL,https://www.flipkart.com/product/p/itme?pid=VTEG9UMFDTJS6AXA
ok,11162.0,11162.0,1,True,,,B0F6NF3YHC,GY2254517ACTLODLON,GOODYEAR 225/45 R17 ASSURANCE COMFORTTRED 94Y XL TUBELESS TYRE | Car Tyre for Front and Rear,Goodyear,Tyre - 4W,11162,False,False,https://www.amazon.in/dp/B0F6NF3YHC?th=1,Only Delivery,GY2254517ACTL,
ok,12283.0,12283.0,2,True,,416.0,B0F6NB6T2W,GY2255017EATL,GOODYEAR 225/50 R17 EAG F1 ASY 3 98Y XL RFT TUBELESS TYRE | Car Tyre for Front and Rear,Goodyear,Tyre - 4W,12283,False,False,https://www.amazon.in/dp/B0F6NB6T2W?th=1,Latched On,GY2255017EATL,
ok,12099.0,12099.0,4,False,640.0,,B0F6NDDMMW,GY2255018ATTL,GOODYEAR 225/50 R18 ASSURANCE TRIPLEMAX 2 95V TUBELESS TYRE | Car Tyre for Front and Rear,Goodyear,Tyre - 4W,12739,False,False,https://www.amazon.in/dp/B0F6NDDMMW?th=1,Latched On,GY2255018ATTL,
ok,11257.0,11257.0,1,True,,,B0F6NC2YRF,GY2256017WATL,GOODYEAR 225/60 R17 WRANGLER AT/ST 99H TUBELESS TYRE | Car Tyre for Front and Rear,Goodyear,Tyre - 4W,11257,False,False,https://www.amazon.in/dp/B0F6NC2YRF?th=1,Only Delivery,GY2256017WATL,https://www.flipkart.com/product/p/itme?pid=VTEHNBEPPMCYKNAC
ok,18904.0,18904.0,1,True,,,B0F6NDHNG6,GY2355519EGTLODLON,GOODYEAR 235/55 R19 EFFICIENT GRIP PERFORMANCE SUV 105V XL TUBELESS TYRE | Car Tyre for Front and Rear,Goodyear,Tyre - 4W,18904,False,False,https://www.amazon.in/dp/B0F6NDHNG6?th=1,Only Delivery,GY2355519EGTL,
ok,12568.0,12568.0,1,True,,,B08D696DKF,GY2356517WTTL_DEL,Goodyear Wrangler At Silenttrac 235/65% R17 104H Tubeless Car Tyre,Goodyear,Tyre - 4W,12568,False,False,https://www.amazon.in/dp/B08D696DKF?th=1,Only Delivery,GY2356517WTTL_DEL,
ok,8507.0,8507.0,1,True,,,B0F6NDGJBS,GY2357016WATL,GOODYEAR 235/70 R16 WRANGLER AT/ST 106T TUBELESS TYRE | Car Tyre for Front and Rear,Goodyear,Tyre - 4W,8507,False,False,https://www.amazon.in/dp/B0F6NDGJBS?th=1,Only Delivery,GY2357016WATL,https://www.flipkart.com/product/p/itme?pid=VTEHNBEQFKAKMUN8
ok,7960.0,7960.0,2,True,,0.0,B0F6NDG7S1,GY2357016WTTL,GOODYEAR 235/70 R16 WRANGLER TRIPLEMAX 106H TUBELESS TYRE | Car Tyre for Front and Rear,Goodyear,Tyre - 4W,7960,False,False,https://www.amazon.in/dp/B0F6NDG7S1?th=1,Latched On,GY2357016WTTL,
ok,8131.0,8131.0,1,True,,,B0F6NFXJWF,GY2357515RWTL,GOODYEAR 235/75 R15 WRANGLER RT/S 105S TUBE-TYPE TYRE | Car Tyre for Front and Rear,Goodyear,Tyre - 4W,8131,False,False,https://www.amazon.in/dp/B0F6NFXJWF?th=1,Only Delivery,GY2357515RWTL,https://www.flipkart.com/product/p/itme?pid=VTEHNBEPQCFJFQNU
ok,7818.0,10057.0,3,True,,0.0,B0CJRSRDG3,GY2357515WATL,Goodyear Tyre 235/75R15 WRL AT SILENTTRAC XL 109T TL,Goodyear,Tyre - 4W,7818,False,False,https://www.amazon.in/dp/B0CJRSRDG3?th=1,Latched On,GY2357515WATL,
ok,15674.0,15674.0,1,True,,,B0F6ND1KHZ,GY2454518EATL,GOODYEAR 245/45 R18 EAG F1 ASY 3 100Y RUN FLAT RFT TYRE | Car Tyre for Front and Rear,Goodyear,Tyre - 4W,15674,False,False,https://www.amazon.in/dp/B0F6ND1KHZ?th=1,Only Delivery,GY2454518EATL,https://www.flipkart.com/product/p/itme?pid=VTEHNBEP3W5ZR6FN
ok,16838.0,16838.0,1,True,,,B0F6NCCZMP,GY2455018PETL,GOODYEAR 245/50 R18 EFFICIENTGRIP ROF 100W RUN FLAT RFT TYRE | Car Tyre for Front and Rear,Goodyear,Tyre - 4W,16838,False,False,https://www.amazon.in/dp/B0F6NCCZMP?th=1,Only Delivery,GY2455018PETL,https://www.flipkart.com/product/p/itme?pid=VTEHNBEPHREA2SHG
ok,10164.0,10164.0,1,True,,,B0F6NDKR5C,GY2457016WRTL,GOODYEAR 245/70 R16 WRANGLER AT/ST 111T TUBELESS TYRE | Car Tyre for Front and Rear,Goodyear,Tyre - 4W,10164,False,False,https://www.amazon.in/dp/B0F6NDKR5C?th=1,Only Delivery,GY2457016WRTL,https://www.flipkart.com/product/p/itme?pid=VTEHNBEPGHXBEGG6
ok,25659.0,25659.0,1,True,,,B0F6NFP9CF,GY2555518E1TL,GOODYEAR 255/55 R18 EAG F1 DIRECTIONAL 5(SUV) 109V RFT TYRE | Car Tyre for Front and Rear,Goodyear,Tyre - 4W,25659,False,False,https://www.amazon.in/dp/B0F6NFP9CF?th=1,Only Delivery,GY2555518E1TL,https://www.flipkart.com/product/p/itme?pid=VTEHNBEPE6WEYRGK
ok,20524.0,20524.0,1,True,,,B0F6NDV3XC,GY2754019EGTL,GOODYEAR 275/40 R19 EFFICIENTGRIP MOE ROF 101Y RFT TYRE | Car Tyre for Front and Rear,Goodyear,Tyre - 4W,20524,False,False,https://www.amazon.in/dp/B0F6NDV3XC?th=1,Only Delivery,GY2754019EGTL,https://www.flipkart.com/product/p/itme?pid=VTEHNBEPDZZHYW6F
ok,3247.0,3247.0,1,True,,,B0H1MP7YZZ,H12WF,With Doorstep Fitment - Ceat 130/70R17 ZOOM XL Tubeless Tyre with add-on Home Fitment option.,CEAT,Tyre - 2W,3247,True,False,https://www.amazon.in/dp/B0H1MP7YZZ?th=1,Fitment/Installation,H12,
ok,2605.0,2605.0,9,False,491.0,,B07B4FZ4SQ,JK1357012UATL,JK Tyre 135/70% R12 Ultima LXT Tubeless Car Tyre,JK Tyre,Tyre - 4W,3096,False,False,https://www.amazon.in/dp/B07B4FZ4SQ?th=1,Latched On,JK1357012UATL,
ok,3396.0,3396.0,1,True,,,B0GGYT6NJK,JK1357012UATLWF,JK Tyre 135/70 R12 Ultima LXT Tubeless Car Tyre With Doorstep Installation,JK Tyre,Tyre - 4W,3396,True,False,https://www.amazon.in/dp/B0GGYT6NJK?th=1,Fitment/Installation,JK1357012UATL,
ok,2698.0,3058.45,26,False,351.0,,B09FSSHDGJ,JK1458012UHTL,JK Tyre 145/80% R12 Ultima Hi^Life Tubeless Car Tyre,JK Tyre,Tyre - 4W,3049,False,True,https://www.amazon.in/dp/B09FSSHDGJ?th=1,Latched On,JK1458012UHTL,
ok,3349.0,3349.0,2,True,,0.0,B0GGYR2PHD,JK1458012UHTLWF,JK Tyre 145/80 R12 Ultima Hi^Life Tubeless Car Tyre With Doorstep Installation,JK Tyre,Tyre - 4W,3349,True,False,https://www.amazon.in/dp/B0GGYR2PHD?th=1,Fitment/Installation,JK1458012UHTL,https://www.flipkart.com/product/p/itme?pid=VTEHF7W7DQQWHTHJ
ok,3112.0,3112.0,6,False,155.0,,B0F28TRD94,JK1458012UHTT,JK 145/80 R12 ULTIMA HI^LIFE TUBE-TYPE TYRE | Car Tyre for Front and Rear,JK Tyre,Tyre - 4W,3267,False,False,https://www.amazon.in/dp/B0F28TRD94?th=1,Latched On,JK1458012UHTT,
ok,3172.39,3172.39,15,False,322.61,,B01DKHZV0S,JK1458013TNTL,JK Tyre 145/80% R13 Ultima Neo Tubeless Car Tyre,JK Tyre,Tyre - 4W,3495,False,False,https://www.amazon.in/dp/B01DKHZV0S?th=1,Latched On,JK1458013TNTL,https://www.flipkart.com/product/p/itme?pid=VTEFF2PHAHX3SPRH
ok,3795.0,3795.0,1,True,,,B0GGYNTQLM,JK1458013TNTLWF,JK Tyre 145/80 R13 Ultima Neo Tubeless Car Tyre With Doorstep Installation,JK Tyre,Tyre - 4W,3795,True,False,https://www.amazon.in/dp/B0GGYNTQLM?th=1,Fitment/Installation,JK1458013TNTL,https://www.flipkart.com/product/p/itme?pid=VTEHFCC2JZVEU3TB
ok,3404.0,3404.0,1,True,,,B09FSQKKS8,JK1458013UHTL,JK Tyre 145/80 R13 Ultima Hi^Life Tubeless Car Tyre,JK Tyre,Tyre - 4W,3404,False,False,https://www.amazon.in/dp/B09FSQKKS8?th=1,Only Delivery,JK1458013UHTL,https://www.flipkart.com/product/p/itme?pid=VTEHHFUNGVH2PMSA
ok,3704.0,3704.0,1,True,,,B0GGZ3FQZX,JK1458013UHTLWF,JK Tyre 145/80 R13 Ultima Hi^Life Tubeless Car Tyre With Doorstep Installation,JK Tyre,Tyre - 4W,3704,True,False,https://www.amazon.in/dp/B0GGZ3FQZX?th=1,Fitment/Installation,JK1458013UHTL,https://www.flipkart.com/product/p/itme?pid=VTEHF7W6AHSNFEDA
ok,3831.0,3556.0,2,True,,0.0,B0F28YPBLX,JK1556512ULTL,JK 155/65 R12 ULTIMA LXT 71S TUBELESS TYRE | Car Tyre for Front and Rear,JK Tyre,Tyre - 4W,3831,False,False,https://www.amazon.in/dp/B0F28YPBLX?th=1,Latched On,JK1556512ULTL,
ok,4131.0,4131.0,1,True,,,B0GGYXSZHH,JK1556512ULTLWF,JK 155/65 R12 ULTIMA LXT 71S TUBELESS TYRE | With Doorstep Installation,JK Tyre,Tyre - 4W,4131,True,False,https://www.amazon.in/dp/B0GGYXSZHH?th=1,Fitment/Installation,JK1556512ULTL,
ok,3650.0,3849.7,8,True,,0.0,B01DKI00EO,JK1556513ANTL,JK Tyre 155/65 R13 Ultima Neo Tubeless Car Tyre,JK Tyre,Tyre - 4W,3650,False,True,https://www.amazon.in/dp/B01DKI00EO?th=1,Latched On,JK1556513ANTL,
ok,4005.0,4005.0,1,True,,,B0GGYN4S9W,JK1556513ANTLWF,JK Tyre 155/65 R13 Ultima Neo Tubeless Car Tyre With Doorstep Installation,JK Tyre,Tyre - 4W,4005,True,False,https://www.amazon.in/dp/B0GGYN4S9W?th=1,Fitment/Installation,JK1556513ANTL,https://www.flipkart.com/product/p/itme?pid=VTEHF7W694NSJDE7
ok,3675.62,3675.62,9,False,302.38,,B08B1X2QPW,JK1556514UNTL,JK Tyre 155/65% R14 Ultima Neo Tubeless Car Tyre,JK Tyre,Tyre - 4W,3978,False,False,https://www.amazon.in/dp/B08B1X2QPW?th=1,Latched On,JK1556514UNTL,
ok,4278.0,4278.0,1,True,,,B0GGZ3H51C,JK1556514UNTLWF,JK Tyre 155/65 R14 Ultima Neo Tubeless Car Tyre With Doorstep Installation,JK Tyre,Tyre - 4W,4278,True,False,https://www.amazon.in/dp/B0GGZ3H51C?th=1,Fitment/Installation,JK1556514UNTL,
ok,3399.0,3399.0,7,False,295.0,,B0F28Y63WK,JK1557013UHTL,JK 155/70 R13 ULTIMA HI^LIFE 75T TUBELESS TYRE | Car Tyre for Front and Rear,JK Tyre,Tyre - 4W,3694,False,False,https://www.amazon.in/dp/B0F28Y63WK?th=1,Latched On,JK1557013UHTL,
ok,3994.0,3994.0,1,True,,,B0GGYN8PNQ,JK1557013UHTLWF,JK 155/70 R13 ULTIMA HI^LIFE 75T TUBELESS TYRE | With Doorstep Installation,JK Tyre,Tyre - 4W,3994,True,False,https://www.amazon.in/dp/B0GGYN8PNQ?th=1,Fitment/Installation,JK1557013UHTL,https://www.flipkart.com/product/p/itme?pid=VTEHGPS7GYHC9FQS
ok,3700.0,3799.0,14,False,39.0,,B01DKI00GC,JK1558013NETL,JK Tyre Ultima Neo 155/80% R13 Tubeless Car Tyre,JK Tyre,Tyre - 4W,3739,False,True,https://www.amazon.in/dp/B01DKI00GC?th=1,Latched On,JK1558013NETL,https://www.flipkart.com/product/p/itme?pid=VTEF8NHX3KE5P8FY
ok,4189.0,4189.0,1,True,,,B0GGYVCZ39,JK1558013NETLWF,JK Tyre 155/80 R13 ULTIMA NEO 79T TUBELESS CAR TYRE With Doorstep Installation,JK Tyre,Tyre - 4W,4189,True,False,https://www.amazon.in/dp/B0GGYVCZ39?th=1,Fitment/Installation,JK1558013NETL,https://www.flipkart.com/product/p/itme?pid=VTEHF7W6RP2CAZXX
ok,4055.0,4055.0,4,False,124.0,,B0F2911N22,JK1558013UHTL,JK 155/80 R13 ULTIMA HI^LIFE 75T TUBELESS TYRE | Car Tyre for Front and Rear,JK Tyre,Tyre - 4W,4179,False,False,https://www.amazon.in/dp/B0F2911N22?th=1,Latched On,JK1558013UHTL,https://www.flipkart.com/product/p/itme?pid=VTEHNWGKQVVFCAEZ
ok,4440.0,4440.0,1,True,,,B0GGYL2NC9,JK1558013UHTLWF,JK 155/80 R13 ULTIMA HI^LIFE 75T TUBELESS TYRE | With Doorstep Installation,JK Tyre,Tyre - 4W,4440,True,False,https://www.amazon.in/dp/B0GGYL2NC9?th=1,Fitment/Installation,JK1558013UHTL,https://www.flipkart.com/product/p/itme?pid=VTEHF7W6ZYJYYGHM
ok,3870.0,3870.0,1,True,,,B09FSYYL48,JK1656513UHTL,"JK Tyre 165/65 R13 Ultima Hi^Life Tubeless Car Tyre, (165/65R13)",JK Tyre,Tyre - 4W,3870,False,True,https://www.amazon.in/dp/B09FSYYL48?th=1,Only Delivery,JK1656513UHTL,
ok,4170.0,4170.0,1,True,,,B0GGYKYY7S,JK1656513UHTLWF,"JK Tyre 165/65 R13 Ultima Hi^Life Tubeless Car Tyre, (165/65R13) With Doorstep Installation",JK Tyre,Tyre - 4W,4170,True,False,https://www.amazon.in/dp/B0GGYKYY7S?th=1,Fitment/Installation,JK1656513UHTL,
ok,3640.0,3640.0,8,False,191.0,,B0F291N45P,JK1657014UTTL,JK 165/70 R14 UX TOURING 81S TUBELESS TYRE | Car Tyre for Front and Rear,JK Tyre,Tyre - 4W,3831,False,False,https://www.amazon.in/dp/B0F291N45P?th=1,Latched On,JK1657014UTTL,
ok,4131.0,4131.0,1,True,,,B0GGYPCTGH,JK1657014UTTLWF,JK 165/70 R14 UX TOURING 81S TUBELESS TYRE | With Doorstep Installation,JK Tyre,Tyre - 4W,4131,True,False,https://www.amazon.in/dp/B0GGYPCTGH?th=1,Fitment/Installation,JK1657014UTTL,https://www.flipkart.com/product/p/itme?pid=VTEHF7W7SQVHPYMZ
ok,3802.0,3802.0,14,False,34.0,,B07QZ9N1J4,JK1658014URTL,JK Tyre 165/80r14 UX Royale Tyre,JK Tyre,Tyre - 4W,3836,False,True,https://www.amazon.in/dp/B07QZ9N1J4?th=1,Latched On,JK1658014URTL,https://www.flipkart.com/product/p/itme?pid=VTEHZY8D7FQF5QSG
ok,4131.0,6328.95,2,True,,2197.95,B0GGZCNJHT,JK1658014URTLWF,JK Tyre 165/80r14 UX Royale Tyre With Doorstep Installation,JK Tyre,Tyre - 4W,4131,True,False,https://www.amazon.in/dp/B0GGZCNJHT?th=1,Fitment/Installation,JK1658014URTL,https://www.flipkart.com/product/p/itme?pid=VTEHF7W6GXS6EPZT
ok,3930.0,3930.0,4,False,48.0,,B0F28XPW5C,JK1658014UTTL,JK 165/80 R14 UX TOURING TUBELESS TYRE | Car Tyre for Front and Rear,JK Tyre,Tyre - 4W,3978,False,False,https://www.amazon.in/dp/B0F28XPW5C?th=1,Latched On,JK1658014UTTL,
ok,4278.0,4278.0,1,True,,,B0GGYNYTKB,JK1658014UTTLWF,JK 165/80 R14 UX TOURING TUBELESS TYRE | With Doorstep Installation,JK Tyre,Tyre - 4W,4278,True,False,https://www.amazon.in/dp/B0GGYNYTKB?th=1,Fitment/Installation,JK1658014UTTL,https://www.flipkart.com/product/p/itme?pid=VTEHF7W7JJJYJN5Y
ok,4500.0,4661.0,11,False,251.0,,B07DLQRFVM,JK1756514TMTL,JK Tyre 175/65% R14 Taximax Tubeless Car Tyre,JK Tyre,Tyre - 4W,4751,False,False,https://www.amazon.in/dp/B07DLQRFVM?th=1,Latched On,JK1756514TMTL,
ok,5599.0,5599.0,2,False,33.0,,B0GGZ2MYCR,JK1756515RETL1ODLON,JK Tyre 175/65 R15 UX Royale Tubeless Car Tyre With Doorstep Installation,JK Tyre,Tyre - 4W,5632,True,False,https://www.amazon.in/dp/B0GGZ2MYCR?th=1,Fitment/Installation,JK1756515RETL1,
ok,4730.0,4730.0,11,False,402.0,,B01DKI2J6G,JK1756515RETLODLON,JK Tyre 175/65 R15 UX Royale Tubeless Car Tyre,JK Tyre,Tyre - 4W,5132,False,True,https://www.amazon.in/dp/B01DKI2J6G?th=1,Latched On,JK1756515RETL,
ok,5831.0,5831.0,2,True,,0.0,B0F28XYZ25,JK1855516URTL,JK 185/55 R16 UX ROYALE TUBELESS TYRE | Car Tyre for Front and Rear,JK Tyre,Tyre - 4W,5831,False,False,https://www.amazon.in/dp/B0F28XYZ25?th=1,Latched On,JK1855516URTL,
ok,,6136.0,1,,,,B0GGZ1P23X,JK1855516URTLWF,JK 185/55 R16 UX ROYALE TUBELESS TYRE | With Doorstep Installation,JK Tyre,Tyre - 4W,6136,True,False,https://www.amazon.in/dp/B0GGZ1P23X?th=1,Fitment/Installation,JK1855516URTL,https://www.flipkart.com/product/p/itme?pid=VTEHF7W6DZ25PDGP
ok,5092.0,5092.0,17,True,,73.0,B0D8B87XMJ,JK1856515TATLODLON,JK Tyre 185/65% R15 Taximax Tubeless Car Tyre,JK Tyre,Tyre - 4W,5019,False,False,https://www.amazon.in/dp/B0D8B87XMJ?th=1,Latched On,JK1856515TATL,
ok,5190.0,5190.0,4,True,,0.0,B0F28XCWSZ,JK1856515UTTL,JK 185/65 R15 UX TOURING TUBELESS TYRE | Car Tyre for Front and Rear,JK Tyre,Tyre - 4W,5190,False,True,https://www.amazon.in/dp/B0F28XCWSZ?th=1,Latched On,JK1856515UTTL,https://www.flipkart.com/product/p/itme?pid=VTEGZQDHGEFPZUD9
ok,5529.0,5529.0,1,True,,,B0GGZ4KWPN,JK1856515UTTLWF,JK 185/65 R15 UX TOURING TUBELESS TYRE | With Doorstep Installation,JK Tyre,Tyre - 4W,5529,True,False,https://www.amazon.in/dp/B0GGZ4KWPN?th=1,Fitment/Installation,JK1856515UTTL,https://www.flipkart.com/product/p/itme?pid=VTEHF7W69D2QEYTY
ok,5168.45,5168.45,2,False,65.55,,B0F28XMWFS,JK1856515XRTLODLON,JK 185/65 R15 UX ROYALE 88T TUBELESS TYRE | Car Tyre for Front and Rear,JK Tyre,Tyre - 4W,5234,False,False,https://www.amazon.in/dp/B0F28XMWFS?th=1,Latched On,JK1856515XRTL,
ok,6479.0,6479.0,1,True,,,B07DLWRXDV,JK1858516BRTTODLON,JK Tyre S Brute 185/85 R16 Tube Tyre,JK Tyre,Tyre - 4W,6479,False,False,https://www.amazon.in/dp/B07DLWRXDV?th=1,Only Delivery,JK1858516BRTT,
ok,6200.0,6200.0,5,False,22.0,,B0F28Z9P1K,JK1955516UTTL,JK 195/55 R16 UX TOURING TUBELESS TYRE | Car Tyre for Front and Rear,JK Tyre,Tyre - 4W,6222,False,False,https://www.amazon.in/dp/B0F28Z9P1K?th=1,Latched On,JK1955516UTTL,
ok,6522.0,6522.0,1,True,,,B0GGYNDZR5,JK1955516UTTLWF,JK 195/55 R16 UX TOURING TUBELESS TYRE | With Doorstep Installation,JK Tyre,Tyre - 4W,6522,True,False,https://www.amazon.in/dp/B0GGYNDZR5?th=1,Fitment/Installation,JK1955516UTTL,https://www.flipkart.com/product/p/itme?pid=VTEHF7W7M2JEHMKE
ok,6223.45,6223.45,14,True,,0.0,B082D1VBCG,JK1955516UXTL,JK Tyre 195/55% R16 UX Royale Tubeless Car Tyre,JK Tyre,Tyre - 4W,6010,False,True,https://www.amazon.in/dp/B082D1VBCG?th=1,Latched On,JK1955516UXTL,
ok,6505.0,6505.0,1,True,,,B0GGYL5BW1,JK1955516UXTLWF,JK Tyre Jk 195/55 R16 Ux Royale 87V Tubeless With Doorstep Installation,JK Tyre,Tyre - 4W,6505,True,False,https://www.amazon.in/dp/B0GGYL5BW1?th=1,Fitment/Installation,JK1955516UXTL,https://www.flipkart.com/product/p/itme?pid=VTEHF7W6WRP5D55R
ok,7414.0,7414.0,1,True,,,B0F28Z8RQ3,JK1958015BTTT,JK 195/80 R15 RANGER BRT TUBE-TYPE TYRE | Car Tyre for Front and Rear,JK Tyre,Tyre - 4W,7414,False,False,https://www.amazon.in/dp/B0F28Z8RQ3?th=1,Only Delivery,JK1958015BTTT,https://www.flipkart.com/product/p/itme?pid=VTEHHFUNMWYRMMAS
ok,7714.0,7714.0,1,True,,,B0GGZ4Q625,JK1958015BTTTWF,JK 195/80 R15 RANGER BRT TUBE-TYPE TYRE | With Doorstep Installation,JK Tyre,Tyre - 4W,7714,True,False,https://www.amazon.in/dp/B0GGZ4Q625?th=1,Fitment/Installation,JK1958015BTTT,https://www.flipkart.com/product/p/itme?pid=VTEHF7W6FJZHQTB4
ok,7769.0,7769.0,1,True,,,B0F28YFZT4,JK2056016URTL,JK 205/60 R16 UX ROYALE SMART TYRE TUBELESS TYRE | Car Tyre for Front and Rear,JK Tyre,Tyre - 4W,7769,False,False,https://www.amazon.in/dp/B0F28YFZT4?th=1,Only Delivery,JK2056016URTL,
ok,8069.0,8069.0,1,True,,,B0GGYTVBHP,JK2056016URTLWF,JK 205/60 R16 UX ROYALE SMART TYRE TUBELESS TYRE | With Doorstep Installation,JK Tyre,Tyre - 4W,8069,True,False,https://www.amazon.in/dp/B0GGYTVBHP?th=1,Fitment/Installation,JK2056016URTL,
ok,7226.0,7226.0,1,True,,,B0F28XZCR8,JK2056016UXTL,JK 205/60 R16 UX ROYALE TUBELESS TYRE | Car Tyre for Front and Rear,JK Tyre,Tyre - 4W,7226,False,False,https://www.amazon.in/dp/B0F28XZCR8?th=1,Only Delivery,JK2056016UXTL,https://www.flipkart.com/product/p/itme?pid=VTEHHFUNPGV7EYXC
ok,7326.0,7666.0,2,True,,340.0,B01DKI2QYQ,JK2056016UXTLODLON,JK Tyre 205/60 R16 UX Royale Tubeless Car Tyre,JK Tyre,Tyre - 4W,7326,False,False,https://www.amazon.in/dp/B01DKI2QYQ?th=1,Latched On,JK2056016UXTL,
ok,7526.0,7526.0,1,True,,,B0GGZ1P22C,JK2056016UXTLWF,JK 205/60 R16 UX ROYALE TUBELESS TYRE | With Doorstep Installation,JK Tyre,Tyre - 4W,7526,True,False,https://www.amazon.in/dp/B0GGZ1P22C?th=1,Fitment/Installation,JK2056016UXTL,https://www.flipkart.com/product/p/itme?pid=VTEHF7W66F4MCFDS
ok,6015.0,6015.0,3,False,469.0,,B0F2913Z8L,JK2056515UTTL,JK 205/65 R15 UX TOURING TUBELESS TYRE | Car Tyre for Front and Rear,JK Tyre,Tyre - 4W,6484,False,False,https://www.amazon.in/dp/B0F2913Z8L?th=1,Latched On,JK2056515UTTL,
ok,6784.0,6784.0,1,True,,,B0GGYSL22S,JK2056515UTTLWF,JK 205/65 R15 UX TOURING TUBELESS TYRE | With Doorstep Installation,JK Tyre,Tyre - 4W,6784,True,False,https://www.amazon.in/dp/B0GGYSL22S?th=1,Fitment/Installation,JK2056515UTTL,https://www.flipkart.com/product/p/itme?pid=VTEHKEGHTDWPCBGH
ok,5953.0,5953.0,6,False,432.0,,B08B1ZL53F,JK2056516URTLODLON,JK Tyre 205/65 R16 UX Royale Tubeless Car Tyre,JK Tyre,Tyre - 4W,6385,False,False,https://www.amazon.in/dp/B08B1ZL53F?th=1,Latched On,JK2056516URTL,
ok,8010.0,8010.0,6,False,909.0,,B0F28XVWLG,JK2155518URTL,JK 215/55 R18 UX ROYALE 95H TUBELESS TYRE | Car Tyre for Front and Rear,JK Tyre,Tyre - 4W,8919,False,True,https://www.amazon.in/dp/B0F28XVWLG?th=1,Latched On,JK2155518URTL,
ok,9219.0,9219.0,1,True,,,B0GGYSCKHK,JK2155518URTLWF,JK 215/55 R18 UX ROYALE 95H TUBELESS TYRE | With Doorstep Installation,JK Tyre,Tyre - 4W,9219,True,False,https://www.amazon.in/dp/B0GGYSCKHK?th=1,Fitment/Installation,JK2155518URTL,https://www.flipkart.com/product/p/itme?pid=VTEHF7W6H9YWVZH4
ok,6000.0,6000.0,21,False,97.0,,B01DKI2QZ0,JK2156016URTL,JK Tyre 215/60% R16 UX Royale Tubeless Car Tyre,JK Tyre,Tyre - 4W,6097,False,True,https://www.amazon.in/dp/B01DKI2QZ0?th=1,Latched On,JK2156016URTL,https://www.flipkart.com/product/p/itme?pid=VTEGY3UGUWHHGZDU
ok,6592.0,6592.0,1,True,,,B0GGYPFQ5P,JK2156016URTLWF,JK Tyre 215/60 R16 UX Royale Tubeless Car Tyre With Doorstep Installation,JK Tyre,Tyre - 4W,6592,True,False,https://www.amazon.in/dp/B0GGYPFQ5P?th=1,Fitment/Installation,JK2156016URTL,
ok,6633.0,11286.39,2,True,,4653.39,B0GGYY3157,JK2156017URTLWF,JK 215/60 R17 UX ROYALE 96H TUBELESS TYRE | With Doorstep Installation,JK Tyre,Tyre - 4W,6633,True,False,https://www.amazon.in/dp/B0GGYY3157?th=1,Fitment/Installation,JK2156017URTL,https://www.flipkart.com/product/p/itme?pid=VTEHFCC2FPC6CQEH
ok,7087.0,7383.95,3,True,,296.95,B07N8Y891Q,JK2157515BRTT,JK Tyres 215/75 R15 Brute 4X4 Tube type Car Tyre (1325121715100SBRT0),JK Tyre,Tyre - 4W,7087,False,False,https://www.amazon.in/dp/B07N8Y891Q?th=1,Latched On,JK2157515BRTT,
ok,7267.0,7267.0,1,True,,,B0GGYKDKP8,JK2157515BRTTWF,JK Tyres 215/75 R15 Brute 4X4 Tube type Car Tyre (1325121715100SBRT0) With Doorstep Installation,JK Tyre,Tyre - 4W,7267,True,False,https://www.amazon.in/dp/B0GGYKDKP8?th=1,Fitment/Installation,JK2157515BRTT,https://www.flipkart.com/product/p/itme?pid=VTEHKEGPJGBFKWXD
ok,6450.0,6450.0,2,False,73.0,,B0GQ31XXFT,JK2157515CPTL,JK 215/75 R15 RANGER H/T 100S TUBELESS TYRE,JK Tyre,Tyre - 4W,6523,False,False,https://www.amazon.in/dp/B0GQ31XXFT?th=1,Latched On,JK2157515CPTL,
ok,6823.0,6823.0,1,True,,,B0GQ321JDM,JK2157515CPTLWF,With Doorstep Fitment - JK 215/75 R15 RANGER H/T 100S TUBELESS TYRE,JK Tyre,Tyre - 4W,6823,True,False,https://www.amazon.in/dp/B0GQ321JDM?th=1,Fitment/Installation,JK2157515CPTL,https://www.flipkart.com/product/p/itme?pid=VTEHF7W746PPEDAU
ok,6240.0,6240.0,12,False,283.0,,B08B1VCYSQ,JK2157515CPTL_DEL,JK Tyre 215/75 R15 Ranger H/T Tubeless Car Tyre,JK Tyre,Tyre - 4W,6523,False,False,https://www.amazon.in/dp/B08B1VCYSQ?th=1,Latched On,JK2157515CPTL_DEL,
ok,6761.0,6750.95,6,True,,-10.05,B0F28ZN98Z,JK2157515RXTL,JK 215/75 R15 RANGER X-A/T TUBELESS TYRE | Car Tyre for Front and Rear,JK Tyre,Tyre - 4W,6761,False,False,https://www.amazon.in/dp/B0F28ZN98Z?th=1,Latched On,JK2157515RXTL,
ok,7061.0,7061.0,1,True,,,B0GGYY66MF,JK2157515RXTLWF,JK 215/75 R15 RANGER X-A/T TUBELESS TYRE | With Doorstep Installation,JK Tyre,Tyre - 4W,7061,True,False,https://www.amazon.in/dp/B0GGYY66MF?th=1,Fitment/Installation,JK2157515RXTL,https://www.flipkart.com/product/p/itme?pid=VTEHF7W6QSRBEZ7B
ok,6787.0,6787.0,2,False,689.0,,B0F28ZSJST,JK2256016URTL,JK 225/60 R16 UX ROYALE TUBELESS TYRE | Car Tyre for Front and Rear,JK Tyre,Tyre - 4W,7476,False,False,https://www.amazon.in/dp/B0F28ZSJST?th=1,Latched On,JK2256016URTL,
ok,7776.0,7776.0,1,True,,,B0GGYYBY8M,JK2256016URTLWF,JK 225/60 R16 UX ROYALE TUBELESS TYRE | With Doorstep Installation,JK Tyre,Tyre - 4W,7776,True,False,https://www.amazon.in/dp/B0GGYYBY8M?th=1,Fitment/Installation,JK2256016URTL,
ok,11200.0,11200.0,2,False,194.0,,B0F28X6YBP,JK2256517RHTLODLON,JK 225/65 R17 RANGER H/T TUBELESS TYRE | Car Tyre for Front and Rear,JK Tyre,Tyre - 4W,11394,False,False,https://www.amazon.in/dp/B0F28X6YBP?th=1,Latched On,JK2256517RHTL,
ok,10668.0,10668.0,1,True,,,B0F28YGSCJ,JK2356517RATL2ODLON,JK 235/65 R17 RANGER H/T TUBELESS TYRE | Car Tyre for Front and Rear,JK Tyre,Tyre - 4W,10668,False,False,https://www.amazon.in/dp/B0F28YGSCJ?th=1,Only Delivery,JK2356517RATL2,
ok,10668.0,10668.0,1,True,,,B01L98WFM2,JK2356517RATLODLON,JK Tyres Ranger H/T P235/65 R17 Tubeless Car Tyre,JK Tyre,Tyre - 4W,10668,False,False,https://www.amazon.in/dp/B01L98WFM2?th=1,Only Delivery,JK2356517RATL,https://www.flipkart.com/product/p/itme?pid=VTEHHFUNMRFRX6Z3
ok,10968.0,10968.0,1,True,,,B0GGYXD1KB,JK2356517RATLWF,JK 235/65 R17 RANGER H/T TUBELESS TYRE | With Doorstep Installation,JK Tyre,Tyre - 4W,10968,True,False,https://www.amazon.in/dp/B0GGYXD1KB?th=1,Fitment/Installation,JK2356517RATL,https://www.flipkart.com/product/p/itme?pid=VTEHF7W7FENN6UCX
ok,11589.0,11589.0,2,True,,0.0,B0F28YXBL3,JK2356517RSTL,JK 235/65 R17 RANGER H/T SMART TYRE TUBELESS TYRE | Car Tyre for Front and Rear,JK Tyre,Tyre - 4W,11589,False,False,https://www.amazon.in/dp/B0F28YXBL3?th=1,Latched On,JK2356517RSTL,
ok,9642.0,9642.0,1,True,,,B01L98WFGS,JK2357016RHTL,JK Tyre 235/70 R16 Ranger H/T Tubeless Car Tyre,JK Tyre,Tyre - 4W,9642,False,False,https://www.amazon.in/dp/B01L98WFGS?th=1,Only Delivery,JK2357016RHTL,https://www.flipkart.com/product/p/itme?pid=VTEHHFUNGYDKPCC8
ok,9942.0,9942.0,1,True,,,B0GGYKK1ZY,JK2357016RHTLWF,JK Tyre 235/70 R16 Ranger H/T Tubeless Car Tyre With Doorstep Installation,JK Tyre,Tyre - 4W,9942,True,False,https://www.amazon.in/dp/B0GGYKK1ZY?th=1,Fitment/Installation,JK2357016RHTL,https://www.flipkart.com/product/p/itme?pid=VTEHGQTJ5VHGX5A8
ok,7800.0,7800.0,3,False,598.0,,B0F28ZP3W4,JK2357515BRTL,JK 235/75 R15 BRUTE 4X4 TUBE-TYPE TYRE | Car Tyre for Front and Rear,JK Tyre,Tyre - 4W,8398,False,False,https://www.amazon.in/dp/B0F28ZP3W4?th=1,Latched On,JK2357515BRTL,
ok,8698.0,8698.0,1,True,,,B0GGYKWCMC,JK2357515BRTLWF,JK 235/75 R15 BRUTE 4X4 TUBE-TYPE TYRE | With Doorstep Installation,JK Tyre,Tyre - 4W,8698,True,False,https://www.amazon.in/dp/B0GGYKWCMC?th=1,Fitment/Installation,JK2357515BRTL,https://www.flipkart.com/product/p/itme?pid=VTEHF7W6UAUHAH6F
ok,7780.0,7780.0,3,False,245.0,,B0F28XTXX7,JK2357515RXTL,JK 235/75 R15 RANGER X-A/T TUBELESS TYRE | Car Tyre for Front and Rear,JK Tyre,Tyre - 4W,8025,False,False,https://www.amazon.in/dp/B0F28XTXX7?th=1,Latched On,JK2357515RXTL,
ok,8325.0,8325.0,1,True,,,B0GGYNVR92,JK2357515RXTLWF,JK 235/75 R15 RANGER X-A/T TUBELESS TYRE | With Doorstep Installation,JK Tyre,Tyre - 4W,8325,True,False,https://www.amazon.in/dp/B0GGYNVR92?th=1,Fitment/Installation,JK2357515RXTL,https://www.flipkart.com/product/p/itme?pid=VTEHGUCGR5W8GC5M
ok,6328.95,6328.95,4,False,1943.05,,B0F28Y4VT8,JK2556518RHTL,JK 255/65 R18 RANGER H/T TUBELESS TYRE | Car Tyre for Front and Rear,JK Tyre,Tyre - 4W,8272,False,False,https://www.amazon.in/dp/B0F28Y4VT8?th=1,Latched On,JK2556518RHTL,
ok,8672.0,8672.0,1,True,,,B0GGYT2VG4,JK2556518RHTLWF,JK 255/65 R18 RANGER H/T TUBELESS TYRE | With Doorstep Installation,JK Tyre,Tyre - 4W,8672,True,False,https://www.amazon.in/dp/B0GGYT2VG4?th=1,Fitment/Installation,JK2556518RHTL,https://www.flipkart.com/product/p/itme?pid=VTEHGUCQREFW5HCP
ok,7450.0,7450.0,3,False,960.0,,B0F28XG1HR,JK2556518RTTL,JK 255/65 R18 RANGER A/T TUBELESS TYRE | Car Tyre for Front and Rear,JK Tyre,Tyre - 4W,8410,False,False,https://www.amazon.in/dp/B0F28XG1HR?th=1,Latched On,JK2556518RTTL,
ok,8810.0,8810.0,1,True,,,B0GGYSQXQP,JK2556518RTTLWF,JK 255/65 R18 RANGER A/T TUBELESS TYRE | With Doorstep Installation,JK Tyre,Tyre - 4W,8810,True,False,https://www.amazon.in/dp/B0GGYSQXQP?th=1,Fitment/Installation,JK2556518RTTL,https://www.flipkart.com/product/p/itme?pid=VTEHF7W6PZHZ7HCW
ok,11534.0,11534.0,1,True,,,B0F28ZJQTH,JK2656018RHTL,JK 265/60 R18 RANGER H/T TUBELESS TYRE | Car Tyre for Front and Rear,JK Tyre,Tyre - 4W,11534,False,False,https://www.amazon.in/dp/B0F28ZJQTH?th=1,Only Delivery,JK2656018RHTL,https://www.flipkart.com/product/p/itme?pid=VTEHHFUNKWVASKYF
ok,11834.0,11834.0,1,True,,,B0GGYVCZ3M,JK2656018RHTLWF,JK 265/60 R18 RANGER H/T TUBELESS TYRE | With Doorstep Installation,JK Tyre,Tyre - 4W,11834,True,False,https://www.amazon.in/dp/B0GGYVCZ3M?th=1,Fitment/Installation,JK2656018RHTL,https://www.flipkart.com/product/p/itme?pid=VTEHF7W7FCVKFWAY
ok,2595.0,2595.0,1,True,,,B0F5PTD5BX,KE1458012V3TL,KELLY 145/80 R12 VFM 3 74T TUBELESS TYRE | Car Tyre for Front and Rear,Kelly,Tyre - 4W,2595,False,False,https://www.amazon.in/dp/B0F5PTD5BX?th=1,Only Delivery,KE1458012V3TL,https://www.flipkart.com/product/p/itme?pid=VTEHNBEP4WXHJ26W
ok,2895.0,2895.0,1,True,,,B0GGYHX265,KE1458012V3TLWF,KELLY 145/80 R12 VFM 3 74T TUBELESS TYRE | With Doorstep Installation,Kelly,Tyre - 4W,2895,True,False,https://www.amazon.in/dp/B0GGYHX265?th=1,Fitment/Installation,KE1458012V3TL,https://www.flipkart.com/product/p/itme?pid=VTEHF7UT66R2DDGT
ok,2595.0,2595.0,1,True,,,B0CFVSLQSF,KE1458012VMTL,KELLY 145/80 R12 VFM 2 74S TUBELESS TYRE Car Tyre,Kelly,Tyre - 4W,2595,False,False,https://www.amazon.in/dp/B0CFVSLQSF?th=1,Only Delivery,KE1458012VMTL,
ok,2498.0,2498.0,7,False,42.0,,B07RWB1WQV,KE1458012VMTL_DEL,Goodyear 145/80% R12 Kelly VFM2 Tubeless Car Tyre,Goodyear,Tyre - 4W,2540,False,True,https://www.amazon.in/dp/B07RWB1WQV?th=1,Latched On,KE1458012VMTL_DEL,
ok,2895.0,2895.0,1,True,,,B0H1MSMX3R,KE1458012VMTL_DELWF,With Doorstep Fitment - Goodyear 145/80% R12 Kelly VFM2 Tubeless Car Tyre,Goodyear,Tyre - 4W,2895,True,False,https://www.amazon.in/dp/B0H1MSMX3R?th=1,Fitment/Installation,KE1458012VMTL_DEL,
ok,3249.0,6328.95,2,True,,3079.95,B0F5PSJVJX,KE1556513V8TL,KELLY 155/65 R13 VFM 8 73T Tubeless Car Tyre | Car Tyre for Front and Rear,Kelly,Tyre - 4W,3249,False,False,https://www.amazon.in/dp/B0F5PSJVJX?th=1,Latched On,KE1556513V8TL,
ok,3491.0,3491.0,1,True,,,B0GGYTNTCM,KE1556513V8TLWF,KELLY 155/65 R13 VFM 8 73T Tubeless Car Tyre | With Doorstep Installation,Kelly,Tyre - 4W,3491,True,False,https://www.amazon.in/dp/B0GGYTNTCM?th=1,Fitment/Installation,KE1556513V8TL,https://www.flipkart.com/product/p/itme?pid=VTEHFJVT7XZXC934
ok,3127.0,3127.0,1,True,,,B0F5PXK6QC,KE1556514MVTL,KELLY 155/65 R14 VFM 3 75T TUBELESS TYRE | Car Tyre for Front and Rear,Kelly,Tyre - 4W,3127,False,False,https://www.amazon.in/dp/B0F5PXK6QC?th=1,Only Delivery,KE1556514MVTL,
ok,3059.5,3059.5,6,False,67.5,,B0822H4C82,KE1556514MVTLODLON,Goodyear 155/65% R14 Kelly Vfm 3 75T Tubeless Car Tyre,Goodyear,Tyre - 4W,3127,False,False,https://www.amazon.in/dp/B0822H4C82?th=1,Latched On,KE1556514MVTL,
ok,3427.0,3427.0,1,True,,,B0GGZ4SRPP,KE1556514MVTLWF,KELLY 155/65 R14 VFM 3 75T TUBELESS TYRE | With Doorstep Installation,Kelly,Tyre - 4W,3427,True,False,https://www.amazon.in/dp/B0GGZ4SRPP?th=1,Fitment/Installation,KE1556514MVTL,
ok,3241.0,3241.0,1,True,,,B0F5PTHLZC,KE1557013V8TL,KELLY 155/70 R13 VFM 8 75T Tubeless Car Tyre | Car Tyre for Front and Rear,Kelly,Tyre - 4W,3241,False,False,https://www.amazon.in/dp/B0F5PTHLZC?th=1,Only Delivery,KE1557013V8TL,https://www.flipkart.com/product/p/itme?pid=VTEHNBEPDPWGSJG5
ok,3541.0,3541.0,1,True,,,B0GGYNQJY4,KE1557013V8TLWF,KELLY 155/70 R13 VFM 8 75T Tubeless Car Tyre | With Doorstep Installation,Kelly,Tyre - 4W,3541,True,False,https://www.amazon.in/dp/B0GGYNQJY4?th=1,Fitment/Installation,KE1557013V8TL,https://www.flipkart.com/product/p/itme?pid=VTEHFJVS4GTHFZQZ
ok,3035.0,3035.0,1,True,,,B0HC7QVPYS,KE1558013VFTLOD,KELLY 155/80 R13 VFM 3 79T TUBELESS TYRE,Kelly,Tyre - 4W,3035,False,False,https://www.amazon.in/dp/B0HC7QVPYS?th=1,Only Delivery,KE1558013VFTL,https://www.flipkart.com/product/p/itme?pid=VTEHNBEPGRHEBWH8
ok,3131.0,3131.0,10,True,,-11.0,B07YFDBMFF,KE1558013VFTL_DEL,Goodyear 155/80 R13 Kelly VFM3 79T Tubeless Car Tyre,Goodyear,Tyre - 4W,3131,False,True,https://www.amazon.in/dp/B07YFDBMFF?th=1,Latched On,KE1558013VFTL_DEL,
ok,3330.0,3330.0,1,True,,,B0H1MLDYTR,KE1558013VFTL_DELWF,With Doorstep Fitment - Goodyear KELLY 155/80 R13 VFM 3 79T TUBELESS TYRE 4 Wheeler Tyre,Goodyear,Tyre - 4W,3330,True,False,https://www.amazon.in/dp/B0H1MLDYTR?th=1,Fitment/Installation,KE1558013VFTL_DEL,
ok,3101.0,3101.0,1,True,,,B0F5PTPSW8,KE1658014VFTL,KELLY 165/80 R14 VFM 3 85T TUBELESS TYRE | Car Tyre for Front and Rear,Kelly,Tyre - 4W,3101,False,False,https://www.amazon.in/dp/B0F5PTPSW8?th=1,Only Delivery,KE1658014VFTL,
ok,3529.0,3529.0,1,True,,,B0GGYWZC34,KE1658014VFTLWF,KELLY 165/80 R14 VFM 3 85T TUBELESS TYRE | With Doorstep Installation,Kelly,Tyre - 4W,3529,True,False,https://www.amazon.in/dp/B0GGYWZC34?th=1,Fitment/Installation,KE1658014VFTL,
ok,4117.0,4117.0,1,True,,,B0GGYKV624,KE1756514VFTLWF,KELLY 175/65 R14 VFM 7 82T TUBELESS TYRE | With Doorstep Installation,Kelly,Tyre - 4W,4117,True,False,https://www.amazon.in/dp/B0GGYKV624?th=1,Fitment/Installation,KE1756514VFTL,
ok,4195.0,4195.0,1,True,,,B0CFVS257S,KE1857014VFTL,KELLY 185/70 R14 VFM 1 88T TUBELESS TYRE Car Tyre,Kelly,Tyre - 4W,4195,False,False,https://www.amazon.in/dp/B0CFVS257S?th=1,Only Delivery,KE1857014VFTL,
ok,4495.0,4495.0,1,True,,,B0HFS92RYM,KE1857014VFTLWF,With Doorstep Fitment - KELLY 185/70 R14 VFM 1 88T TUBELESS TYRE Car Tyre,Kelly,Tyre - 4W,4495,True,False,https://www.amazon.in/dp/B0HFS92RYM?th=1,Fitment/Installation,KE1857014VFTL,
ok,4100.0,4799.0,5,False,215.0,,B07YFKK25Q,KE1857014VFTL_DEL,GOODYEAR TYRE 185/70 R14 Kelly VFM1 88T Tubeless Car Tyre,Goodyear,Tyre - 4W,4315,False,True,https://www.amazon.in/dp/B07YFKK25Q?th=1,Latched On,KE1857014VFTL_DEL,
ok,4221.0,4221.0,3,False,274.0,,B0H1MKLF5Y,KE1857014VFTL_DELWF,With Doorstep Fitment - GOODYEAR TYRE 185/70 R14 Kelly VFM1 88T Tubeless Car Tyre,Goodyear,Tyre - 4W,4495,True,False,https://www.amazon.in/dp/B0H1MKLF5Y?th=1,Fitment/Installation,KE1857014VFTL_DEL,
ok,4925.0,4925.0,1,True,,,B0CFVX36G7,KE2056515VFTL,KELLY 205/65 R15 VFM 6 94H TUBELESS TYRE Car Tyre,Kelly,Tyre - 4W,4925,False,False,https://www.amazon.in/dp/B0CFVX36G7?th=1,Only Delivery,KE2056515VFTL,
ok,5449.0,5499.0,3,True,,50.0,B08FBKQVJC,KE2056515VFTLODLON,"Kelly Goodyear 205/65 R15 Vfm6 94H Tube Tyres For Chevrolet Tavera, Icml Rhino Rx, Mahindra Quanto, Mahindra Xylo, Toyota Innova",Goodyear,Tyre - 4W,5449,False,False,https://www.amazon.in/dp/B08FBKQVJC?th=1,Latched On,KE2056515VFTL,
ok,5525.0,5525.0,1,True,,,B0HFS9FWWC,KE2056515VFTLWF,With Doorstep Fitment - KELLY 205/65 R15 VFM 6 94H TUBELESS TYRE Car Tyre,Kelly,Tyre - 4W,5525,True,False,https://www.amazon.in/dp/B0HFS9FWWC?th=1,Fitment/Installation,KE2056515VFTL,
ok,5525.0,5525.0,1,True,,,B0H1MWPW27,KE2056515VFTL_DELWF,With Doorstep Fitment - Goodyear 205/65% R15 Kelly VFM 6 Tubeless Car Tyre,Goodyear,Tyre - 4W,5525,True,False,https://www.amazon.in/dp/B0H1MWPW27?th=1,Fitment/Installation,KE2056515VFTL_DEL,
ok,5884.0,5884.0,1,True,,,B0F5PWMP24,KE2157515VFTL,KELLY 215/75 R15 VFM 5 100/97S TUBELESS TYRE | Car Tyre for Front and Rear,Kelly,Tyre - 4W,5884,False,False,https://www.amazon.in/dp/B0F5PWMP24?th=1,Only Delivery,KE2157515VFTL,https://www.flipkart.com/product/p/itme?pid=VTEHNBEPTGYBSAQG
ok,5765.0,5765.0,6,True,,0.0,B081MB9FVJ,KE2157515VFTLODLON1,"Kelly GOODYEAR 215/75 R15 LT (LIGHT TRUCK) VFM5 97S for Mahindra Bolero, Mahindra Scorpio, Mahindra TUV300, Mahindra Xylo, Tata Sumo | Tubeless",Goodyear,Tyre - 4W,5765,False,False,https://www.amazon.in/dp/B081MB9FVJ?th=1,Latched On,KE2157515VFTLODLON1,
ok,6184.0,6184.0,1,True,,,B0GGZ1SPRD,KE2157515VFTLWF,KELLY 215/75 R15 VFM 5 100/97S TUBELESS TYRE | With Doorstep Installation,Kelly,Tyre - 4W,6184,True,False,https://www.amazon.in/dp/B0GGZ1SPRD?th=1,Fitment/Installation,KE2157515VFTL,https://www.flipkart.com/product/p/itme?pid=VTEHF7SC8XW2MYQZ
ok,2700.0,2700.0,7,False,89.0,,B00Y0UEPYS,MR1357012ZETLODLON,MRF Zec 135/70% R12 65S Tubeless Car Tyre,MRF,Tyre - 4W,2789,False,False,https://www.amazon.in/dp/B00Y0UEPYS?th=1,Latched On,MR1357012ZETL,
ok,4298.0,4298.0,4,False,163.0,,B0B21QW9HS,MR1407017GMTLODLON,"MRF Mogrip Meteor-M 140/70-17 66S Tubeless Bike Tyre, Rear(New Model)",MRF,Tyre - 2W,4461,False,False,https://www.amazon.in/dp/B0B21QW9HS?th=1,Latched On,MR1407017GMTL,
ok,3480.0,3480.0,9,False,253.0,,B00Y0UQ91U,MR1457013ZVTTODLON,MRF Zvts 145/70% R13 71S Tubeless Car Tyre,MRF,Tyre - 4W,3733,False,False,https://www.amazon.in/dp/B00Y0UQ91U?th=1,Latched On,MR1457013ZVTT,
ok,3000.0,3000.0,7,False,359.0,,B00Y0UOJPS,MR1458012ZXTLODLON,MRF ZLX 145/80 R12 74T Tubeless Car Tyre,MRF,Tyre - 4W,3359,False,False,https://www.amazon.in/dp/B00Y0UOJPS?th=1,Latched On,MR1458012ZXTL,
ok,3900.0,3900.0,7,False,198.0,,B00Y0UDP62,MR1556513ZXTLODLON,MRF ZLX 155/65 R13 73T Tubeless Car Tyre,MRF,Tyre - 4W,4098,False,False,https://www.amazon.in/dp/B00Y0UDP62?th=1,Latched On,MR1556513ZXTL,
ok,3480.0,3849.0,10,False,388.0,,B00Y0UBX7A,MR1557013ZVTTODLON,MRF Zvts 155/70% R13 75T Tubeless Car Tyre,MRF,Tyre - 4W,3868,False,False,https://www.amazon.in/dp/B00Y0UBX7A?th=1,Latched On,MR1557013ZVTT,
ok,3850.0,3850.0,9,False,450.0,,B00Y0UA916,MR1558013ZXTLODLON,MRF Zlx 155/80% R13 79T Tubeless Car Tyre,MRF,Tyre - 4W,4300,False,False,https://www.amazon.in/dp/B00Y0UA916?th=1,Latched On,MR1558013ZXTL,
ok,4100.0,4249.0,4,False,641.0,,B077C2C1YR,MR1656514ZXTLODLON,MRF ZLX 165/65 R14 79H Tubeless Car Tyre,MRF,Tyre - 4W,4741,False,False,https://www.amazon.in/dp/B077C2C1YR?th=1,Latched On,MR1656514ZXTL,
ok,3722.0,3750.0,23,False,424.0,,B00RGOC05Q,MR1657014ZATLODLON,MRF ZVTV 165/70 R14 81S Tubeless Car Tyre,MRF,Tyre - 4W,4146,False,False,https://www.amazon.in/dp/B00RGOC05Q?th=1,Latched On,MR1657014ZATL,
ok,4248.0,4500.0,17,False,244.0,,B077BXGWF5,MR1658014ZXTLODLON,MRF ZLX 165/80 R14 85T Tubeless Car Tyre,MRF,Tyre - 4W,4492,False,False,https://www.amazon.in/dp/B077BXGWF5?th=1,Latched On,MR1658014ZXTL,
ok,5070.0,5499.0,11,False,775.0,,B00Y0UGTT2,MR1856015VATLODLON,MRF ZVTV 185/60 R15 84H Tubeless Car Tyre,MRF,Tyre - 4W,5845,False,False,https://www.amazon.in/dp/B00Y0UGTT2?th=1,Latched On,MR1856015VATL,
ok,4599.0,5299.0,14,False,478.0,,B07H99H4B6,MR1857014ZTTLODLON,MRF ZTX 185/70 R14 88H Tubeless car tyre,MRF,Tyre - 4W,5077,False,False,https://www.amazon.in/dp/B07H99H4B6?th=1,Latched On,MR1857014ZTTL,
ok,6800.0,7000.0,16,False,937.0,,B07GNTDNDJ,MR2156016WATLODLON,MRF Wanderer Street 215/60% R16 95H Tubeless Car Tyre,MRF,Tyre - 4W,7737,False,False,https://www.amazon.in/dp/B07GNTDNDJ?th=1,Latched On,MR2156016WATL,
ok,6939.0,6900.0,5,True,,0.0,B07FSRL7NX,MR2156016WATLODLON1,MRF WANDERER STREET 215/60-R16 95H TUBELESS CAR TYRE,MRF,Tyre - 4W,6939,False,False,https://www.amazon.in/dp/B07FSRL7NX?th=1,Latched On,MR2156016WATLODLON1,
ok,7998.0,8400.0,5,False,564.0,,B00Y0U0GIC,MR2156516WPTLODLON,MRF WANDERER Sport 215/65 R16 98H Tubeless Car Tyre,MRF,Tyre - 4W,8562,False,False,https://www.amazon.in/dp/B00Y0U0GIC?th=1,Latched On,MR2156516WPTL,
ok,7500.0,7500.0,4,False,1629.0,,B0BFJ8KGRB,MR2156516WTTLODLON,MRF WANDERER STREET 215/65R16 98 H TUBE LESS TYRE,MRF,Tyre - 4W,9129,False,False,https://www.amazon.in/dp/B0BFJ8KGRB?th=1,Latched On,MR2156516WTTL,
ok,,14255.0,1,,,,B07VD44TVD,MR2355519WSTLODLON,MRF WANDERER S/L 235/55R19 105T PREMIUM TUBELESS TYRE,MRF,Tyre - 4W,14255,False,False,https://www.amazon.in/dp/B07VD44TVD?th=1,Only Delivery,MR2355519WSTL,https://www.flipkart.com/product/p/itme?pid=VTEHHFHPY8NUG6TZ
ok,1490.0,1549.0,20,False,399.0,,B0B3TQJ17X,MR9010010ZCTLODLON,MRF ZAPPER C1 90/100/10 TUBELESS TYRE FOR SCOOTER FORNT/REAR TYRE,MRF,Tyre - 4W,1889,False,False,https://www.amazon.in/dp/B0B3TQJ17X?th=1,Latched On,MR9010010ZCTL,
ok,3931.0,3931.0,1,True,,,B0H1MSJ7QP,R12WF,With Doorstep Fitment - Ceat 155/65R13 MILAZE X3 Tubeless Tyre with add-on Home Fitment option.,CEAT,Tyre - 4W,3931,True,False,https://www.amazon.in/dp/B0H1MSJ7QP?th=1,Fitment/Installation,R12,
ok,3351.0,6328.95,4,True,,0.0,B077Y7117Y,S12,Ceat Milaze X3 145/80% R12 74T Tube-Type Car Tyre,CEAT,Tyre - 4W,3351,False,False,https://www.amazon.in/dp/B077Y7117Y?th=1,Latched On,S12,
ok,3481.0,3481.0,1,True,,,B0H1MNJ5D1,S12WF,With Doorstep Fitment - Ceat 145/80R12 MILAZE X3 Tubeless Tyre with add-on Home Fitment option.,CEAT,Tyre - 4W,3481,True,False,https://www.amazon.in/dp/B0H1MNJ5D1?th=1,Fitment/Installation,S12,
ok,4237.0,4237.0,1,True,,,B0H1MP6V3X,S5-GNPL-5IREWF,"With Doorstep Fitment - Ceat Zoom Rad X1F 110/70R17 54H Tubeless Bike Tyre, Front (Home Delivery) (104976)",CEAT,Tyre - 2W,4237,True,False,https://www.amazon.in/dp/B0H1MP6V3X?th=1,Fitment/Installation,S5-GNPL-5IRE,
ok,3942.0,4264.0,13,True,,-442.0,B077Y6VVY7,Y12,Ceat Milaze X3 165/80 R14 85S Tubeless Car Tyre (105035 ),CEAT,Tyre - 4W,3942,False,True,https://www.amazon.in/dp/B077Y6VVY7?th=1,Latched On,Y12,
ok,4187.0,4187.0,2,False,55.0,,B0H1MMJQ5B,Y12WF,With Doorstep Fitment - Ceat Milaze X3 165/80 R14 85S Tubeless Car Tyre,CEAT,Tyre - 4W,4242,True,False,https://www.amazon.in/dp/B0H1MMJQ5B?th=1,Fitment/Installation,Y12,
